parcela2,parcela,N,N2,V,V2,ABu,ABu2,AB,AB2,CI,CI2,AD,AD2,E,E2,Anio_Aclareo,Aclareo,star_aclareo,Densidad,Densidad2,Mortalidad,V_mort,AB_mort,V_punta_10cm,V_punta_10cm2,V_mort_punta10cm,V_punta_15cm,V_punta_15cm2,DCM
1,1,2779.836916,2755.127255,0,43.976145,0,0,16.46232,21.72016,#¿NOMBRE?,#¿NOMBRE?,0,7.0104,4.2,5.1,SA,SA,NA,Alta,Alta,0,0,0,0,9.522917,0,0,0,8.683422249
1,1,2755.127255,2730.417593,43.976145,67.052251,0,0,21.72016,26.67952,#¿NOMBRE?,#¿NOMBRE?,7.0104,8.2296,5.1,6.2,SA,SA,NA,Alta,Alta,24.70966148,0.097958,0.06888,9.522917,27.694126,0,0,0,10.01880071
1,1,2730.417593,2730.417593,67.052251,91.947577,0,0,26.67952,30.8812,#¿NOMBRE?,#¿NOMBRE?,8.2296,9.7536,6.2,7,SA,SA,NA,Alta,Alta,24.70966148,0.013994,0.02296,27.694126,49.272874,0,0,0,11.15397145
1,1,2730.417593,2705.707932,91.947577,109.489056,0,0,30.8812,33.9808,#¿NOMBRE?,#¿NOMBRE?,9.7536,10.3632,7,7.7,SA,SA,NA,Alta,Alta,0,0,0,49.272874,66.604443,0,0,0,12.00017575
1,1,2705.707932,2594.514455,109.489056,136.210599,0,0,33.9808,36.94264,#¿NOMBRE?,#¿NOMBRE?,10.3632,11.5824,7.7,8.9,SA,SA,NA,Alta,Alta,24.70966148,0.027988,0.02296,66.604443,93.493914,0,0,0,12.64536593
1,1,2594.514455,2421.546825,136.210599,153.255291,0,0,36.94264,38.18248,#¿NOMBRE?,#¿NOMBRE?,11.5824,12.8016,8.9,10.3,SA,SA,NA,Alta,Alta,111.1934766,2.148079,0.73472,93.493914,112.693682,0.216907,0,0.146937,13.4645231
1,1,2421.546825,2050.901903,153.255291,170.950704,0,0,38.18248,37.44776,#¿NOMBRE?,#¿NOMBRE?,12.8016,14.3256,10.3,12.1,SA,SA,NA,Alta,Alta,172.9676303,5.289732,1.53832,112.693682,135.979698,1.854205,0.146937,1.826217,14.16904861
1,1,2050.901903,2050.901903,170.950704,208.776486,0,0,37.44776,40.8688,#¿NOMBRE?,#¿NOMBRE?,14.3256,15.8496,12.1,14.3,SA,SA,NA,Alta,Alta,370.6449222,14.161928,3.6736,135.979698,171.70638,6.15736,1.826217,6.836069,15.24739101
1,1,2050.901903,1964.418087,208.776486,235.7989,0,0,40.8688,43.30256,#¿NOMBRE?,#¿NOMBRE?,15.8496,16.764,14.3,16.1,SA,SA,NA,Alta,Alta,0,0,0,171.70638,200.589996,0,6.836069,14.546763,15.92863492
1,1,1964.418087,1828.514949,235.7989,278.34066,0,0,43.30256,46.17256,#¿NOMBRE?,#¿NOMBRE?,16.764,18.288,16.1,18.1,SA,SA,NA,Alta,Alta,86.48381517,5.142795,1.05616,200.589996,245.713649,3.001713,14.546763,33.648573,16.75308852
1,1,1828.514949,1618.482827,278.34066,316.789175,0,0,46.17256,47.34352,#¿NOMBRE?,#¿NOMBRE?,18.288,19.5072,18.1,20.3,SA,SA,NA,Alta,Alta,135.9031381,8.942166,1.69904,245.713649,288.164448,5.38769,33.648573,65.219037,17.93072206
1,1,1618.482827,1507.28935,316.789175,343.993511,0,0,47.34352,48.28488,#¿NOMBRE?,#¿NOMBRE?,19.5072,21.0312,20.3,22.1,SA,SA,NA,Alta,Alta,210.0321226,19.668567,3.28328,288.164448,317.705782,14.350847,65.219037,89.904453,19.29884348
1,1,1507.28935,1371.386212,343.993511,373.737758,0,0,48.28488,49.84616,#¿NOMBRE?,#¿NOMBRE?,21.0312,22.2504,22.1,24,SA,SA,NA,Alta,Alta,111.1934766,10.656431,1.722,317.705782,351.158439,7.76667,89.904453,128.108073,20.19585864
1,1,1371.386212,1309.612058,373.737758,412.19327,0,0,49.84616,51.40744,#¿NOMBRE?,#¿NOMBRE?,22.2504,24.0792,24,26,SA,SA,NA,Alta,Alta,135.9031381,14.62373,2.27304,351.158439,390.446594,11.174209,128.108073,167.585147,21.51250695
1,1,1309.612058,1235.483074,412.19327,442.021481,0,0,51.40744,53.22128,#¿NOMBRE?,#¿NOMBRE?,24.0792,24.384,26,28.1,SA,SA,NA,Alta,Alta,61.77415369,9.473938,1.33168,390.446594,422.212974,8.088532,167.585147,209.553153,22.35613458
1,1,1235.483074,1124.289597,442.021481,453.944369,0,0,53.22128,52.64728,#¿NOMBRE?,#¿NOMBRE?,24.384,24.9936,28.1,30,SA,SA,NA,Alta,Alta,74.12898443,12.202768,1.67608,422.212974,436.535833,10.523488,209.553153,237.842024,23.41959158
1,1,1124.289597,1099.579936,453.944369,488.068738,0,0,52.64728,54.8744,#¿NOMBRE?,#¿NOMBRE?,24.9936,25.908,30,32.1,SA,SA,NA,Alta,Alta,111.1934766,18.758957,2.5256,436.535833,471.373896,16.226043,237.842024,277.955825,24.41765383
1,1,1099.579936,951.3219669,488.068738,491.532253,0,0,54.8744,53.0376,#¿NOMBRE?,#¿NOMBRE?,25.908,26.2128,32.1,34.1,SA,SA,NA,Alta,Alta,24.70966148,4.331143,0.574,471.373896,477.713178,3.785377,277.955825,309.085478,25.20731267
1,1,951.3219669,827.7736595,491.532253,496.199252,0,0,53.0376,52.25696,#¿NOMBRE?,#¿NOMBRE?,26.2128,27.1272,34.1,36.2,SA,SA,NA,Alta,Alta,148.2579689,33.641576,4.10984,477.713178,483.254802,30.471935,309.085478,325.003653,26.64300637
2,2,1470.224858,1470.224858,0,30.115088,0,0,9.66616,14.35,#¿NOMBRE?,#¿NOMBRE?,0,6.7056,4.2,5.1,SA,SA,NA,Media,Baja,0,0,0,0,11.468083,0,0,0,9.149348462
2,2,1470.224858,1470.224858,30.115088,49.853625,0,0,14.35,19.0568,#¿NOMBRE?,#¿NOMBRE?,6.7056,8.2296,5.1,6.2,SA,SA,NA,Media,Baja,0,0,0,11.468083,31.143647,0,0,0,11.14779899
2,2,1470.224858,1470.224858,49.853625,72.936728,0,0,19.0568,23.51104,#¿NOMBRE?,#¿NOMBRE?,8.2296,9.7536,6.2,7,SA,SA,NA,Media,Baja,0,0,0,31.143647,54.135789,0,0,0,12.84659896
2,2,1470.224858,1470.224858,72.936728,86.909737,0,0,23.51104,25.73816,#¿NOMBRE?,#¿NOMBRE?,9.7536,10.3632,7,7.7,SA,SA,NA,Media,Baja,0,0,0,54.135789,67.856906,0,0,0,14.26918271
2,2,1470.224858,1470.224858,86.909737,112.672691,0,0,25.73816,29.34288,#¿NOMBRE?,#¿NOMBRE?,10.3632,11.8872,7.7,8.9,SA,SA,NA,Media,Baja,0,0,0,67.856906,93.179049,0,0,0.783664,14.92972908
2,2,1470.224858,1470.224858,112.672691,136.672401,0,0,29.34288,32.8328,#¿NOMBRE?,#¿NOMBRE?,11.8872,13.1064,8.9,10.3,SA,SA,NA,Media,Baja,0,0,0,93.179049,117.346687,0,0.783664,2.427959,15.94096277
2,2,1470.224858,1445.515196,136.672401,167.480192,0,0,32.8328,35.4732,#¿NOMBRE?,#¿NOMBRE?,13.1064,14.3256,10.3,12.1,SA,SA,NA,Media,Baja,0,0,0,117.346687,147.573727,0,2.427959,7.90661,16.86231272
2,2,1445.515196,1408.450704,167.480192,195.601135,0,0,35.4732,37.90696,#¿NOMBRE?,#¿NOMBRE?,14.3256,15.8496,12.1,14.3,SA,SA,NA,Media,Baja,24.70966148,0.923604,0.25256,147.573727,175.757643,0.405826,7.90661,20.109378,17.67640373
2,2,1408.450704,1371.386212,195.601135,222.021807,0,0,37.90696,40.43256,#¿NOMBRE?,#¿NOMBRE?,15.8496,16.4592,14.3,16.1,SA,SA,NA,Media,Baja,37.06449222,3.085677,0.66584,175.757643,202.892009,2.44895,20.109378,37.734821,18.51158955
2,2,1371.386212,1284.902397,222.021807,257.790471,0,0,40.43256,42.61376,#¿NOMBRE?,#¿NOMBRE?,16.4592,17.9832,16.1,18.1,SA,SA,NA,Media,Baja,37.06449222,2.791803,0.59696,202.892009,239.815178,2.085106,37.734821,68.388678,19.37495889
2,2,1284.902397,1272.547566,257.790471,316.313379,0,0,42.61376,46.65472,#¿NOMBRE?,#¿NOMBRE?,17.9832,19.812,18.1,20.3,SA,SA,NA,Media,Baja,86.48381517,8.669283,1.63016,239.815178,297.750338,7.010994,68.388678,111.805063,20.54919993
2,2,1272.547566,1247.837905,316.313379,343.286814,0,0,46.65472,48.3308,#¿NOMBRE?,#¿NOMBRE?,19.812,21.0312,20.3,22.1,SA,SA,NA,Media,Baja,12.35483074,0.972583,0.18368,297.750338,325.01065,0.685706,111.805063,136.546455,21.60557559
2,2,1247.837905,1074.870274,343.286814,357.735619,0,0,48.3308,48.03232,#¿NOMBRE?,#¿NOMBRE?,21.0312,21.6408,22.1,24,SA,SA,NA,Media,Baja,24.70966148,2.924746,0.48216,325.01065,343.153871,2.420962,136.546455,173.042807,22.20690141
2,2,1074.870274,1050.160613,357.735619,399.059901,0,0,48.03232,49.96096,#¿NOMBRE?,#¿NOMBRE?,21.6408,22.86,24,26,SA,SA,NA,Media,Baja,172.9676303,23.845776,3.7884,343.153871,384.394189,20.375264,173.042807,210.322823,23.85304431
2,2,1050.160613,1013.096121,399.059901,433.163279,0,0,49.96096,52.18808,#¿NOMBRE?,#¿NOMBRE?,22.86,23.4696,26,28.1,SA,SA,NA,Media,Baja,24.70966148,4.750963,0.66584,384.394189,419.393183,4.282164,210.322823,250.758486,24.61175504
2,2,1013.096121,901.9026439,433.163279,431.721897,0,0,52.18808,50.46608,#¿NOMBRE?,#¿NOMBRE?,23.4696,24.0792,28.1,30,SA,SA,NA,Media,Baja,37.06449222,6.108381,0.87248,419.393183,419.931952,5.31772,250.758486,273.260838,25.61034287
2,2,901.9026439,864.8381517,431.721897,449.648211,0,0,50.46608,51.66,#¿NOMBRE?,#¿NOMBRE?,24.0792,24.6888,30,32.1,SA,SA,NA,Media,Baja,111.1934766,26.133795,3.444,419.931952,438.7119,24.13965,273.260838,300.905985,26.69162503
2,2,864.8381517,765.9995058,449.648211,459.066173,0,0,51.66,50.71864,#¿NOMBRE?,#¿NOMBRE?,24.6888,25.6032,32.1,34.1,SA,SA,NA,Media,Baja,37.06449222,7.717691,1.0332,438.7119,449.921094,7.003997,300.905985,332.686359,27.57813164
2,2,765.9995058,667.1608599,459.066173,447.94794,0,0,50.71864,49.86912,#¿NOMBRE?,#¿NOMBRE?,25.6032,26.2128,34.1,36.2,SA,SA,NA,Media,Baja,98.83864591,24.755386,3.16848,449.921094,434.632649,22.964154,332.686359,322.708637,29.03518613
3,3,988.3864591,976.0316284,0,23.223043,0,0,7.04872,10.58456,#¿NOMBRE?,#¿NOMBRE?,0,6.7056,4.2,5.1,SA,SA,NA,Baja,Baja,0,0,0,0,10.971296,0,0,0,9.528988338
3,3,976.0316284,976.0316284,23.223043,39.917885,0,0,10.58456,14.53368,#¿NOMBRE?,#¿NOMBRE?,6.7056,7.9248,5.1,6.2,SA,SA,NA,Baja,Baja,12.35483074,0.167928,0.09184,10.971296,28.204907,0,0,0,11.75058581
3,3,976.0316284,976.0316284,39.917885,59.439515,0,0,14.53368,18.368,#¿NOMBRE?,#¿NOMBRE?,7.9248,9.4488,6.2,7,SA,SA,NA,Baja,Baja,0,0,0,28.204907,48.048399,0,0,0,13.76926983
3,3,976.0316284,976.0316284,59.439515,71.642283,0,0,18.368,20.4344,#¿NOMBRE?,#¿NOMBRE?,9.4488,10.3632,7,7.7,SA,SA,NA,Baja,Baja,0,0,0,48.048399,60.328134,0,0,0.251892,15.47939737
3,3,976.0316284,976.0316284,71.642283,94.900311,0,0,20.4344,23.90136,#¿NOMBRE?,#¿NOMBRE?,10.3632,11.5824,7.7,8.9,SA,SA,NA,Baja,Baja,0,0,0,60.328134,83.586162,0,0.251892,2.58889,16.32691226
3,3,976.0316284,976.0316284,94.900311,120.019541,0,0,23.90136,27.50608,#¿NOMBRE?,#¿NOMBRE?,11.5824,12.8016,8.9,10.3,SA,SA,NA,Baja,Baja,0,0,0,83.586162,108.978275,0,2.58889,9.613878,17.65771164
3,3,976.0316284,938.9671362,120.019541,143.564446,0,0,27.50608,29.22808,#¿NOMBRE?,#¿NOMBRE?,12.8016,14.3256,10.3,12.1,SA,SA,NA,Baja,Baja,0,0,0,108.978275,132.572159,0,9.613878,22.404394,18.94250736
3,3,938.9671362,938.9671362,143.564446,173.483618,0,0,29.22808,31.89144,#¿NOMBRE?,#¿NOMBRE?,14.3256,15.5448,12.1,14.3,SA,SA,NA,Baja,Baja,37.06449222,3.463515,0.78064,132.572159,162.05052,2.910752,22.404394,40.5826,19.90810886
3,3,938.9671362,926.6123054,173.483618,198.120055,0,0,31.89144,34.46296,#¿NOMBRE?,#¿NOMBRE?,15.5448,16.764,14.3,16.1,SA,SA,NA,Baja,Baja,0,0,0,162.05052,187.001822,0,40.5826,62.441228,20.79538322
3,3,926.6123054,926.6123054,198.120055,236.42863,0,0,34.46296,37.70032,#¿NOMBRE?,#¿NOMBRE?,16.764,17.9832,16.1,18.1,SA,SA,NA,Baja,Baja,12.35483074,1.917178,0.3444,187.001822,225.114481,1.74925,62.441228,94.830341,21.7611737
3,3,926.6123054,889.5478132,236.42863,283.595407,0,0,37.70032,40.57032,#¿NOMBRE?,#¿NOMBRE?,17.9832,19.5072,18.1,20.3,SA,SA,NA,Baja,Baja,0,0,0,225.114481,272.547144,0,94.830341,141.808199,22.76032955
3,3,889.5478132,889.5478132,283.595407,311.310524,0,0,40.57032,42.3612,#¿NOMBRE?,#¿NOMBRE?,19.5072,20.7264,20.3,22.1,SA,SA,NA,Baja,Baja,37.06449222,6.115378,0.98728,272.547144,300.017366,5.506639,141.808199,166.066798,24.09764642
3,3,889.5478132,840.1284902,311.310524,336.27582,0,0,42.3612,43.8536,#¿NOMBRE?,#¿NOMBRE?,20.7264,21.6408,22.1,24,SA,SA,NA,Baja,Baja,0,0,0,300.017366,325.941251,0,166.066798,201.02381,24.62376956
3,3,840.1284902,827.7736595,336.27582,377.397189,0,0,43.8536,45.87408,#¿NOMBRE?,#¿NOMBRE?,21.6408,24.0792,24,26,SA,SA,NA,Baja,Baja,49.41932296,9.627872,1.44648,325.941251,366.99265,8.81622,201.02381,239.472325,25.7801137
3,3,827.7736595,778.3543365,377.397189,403.985789,0,0,45.87408,47.11392,#¿NOMBRE?,#¿NOMBRE?,24.0792,24.9936,26,28.1,SA,SA,NA,Baja,Baja,12.35483074,1.763244,0.27552,366.99265,394.476866,1.518349,239.472325,275.233992,26.56335595
3,3,778.3543365,741.2898443,403.985789,425.844417,0,0,47.11392,47.43536,#¿NOMBRE?,#¿NOMBRE?,24.9936,25.2984,28.1,30,SA,SA,NA,Baja,Baja,49.41932296,9.487932,1.33168,394.476866,416.74132,8.557331,275.233992,302.249409,27.76137705
3,3,741.2898443,728.9350136,425.844417,448.472715,0,0,47.43536,49.22624,#¿NOMBRE?,#¿NOMBRE?,25.2984,25.2984,30,32.1,SA,SA,NA,Baja,Baja,37.06449222,10.460515,1.30872,416.74132,439.754453,9.837782,302.249409,328.516147,28.54382267
3,3,728.9350136,679.5156906,448.472715,462.144853,0,0,49.22624,49.57064,#¿NOMBRE?,#¿NOMBRE?,25.2984,25.6032,32.1,34.1,SA,SA,NA,Baja,Baja,12.35483074,2.16907,0.29848,439.754453,454.371186,1.896187,328.516147,354.195137,29.32303953
3,3,679.5156906,617.7415369,462.144853,458.93323,0,0,49.57064,50.32832,#¿NOMBRE?,#¿NOMBRE?,25.6032,27.1272,34.1,36.2,SA,SA,NA,Baja,Baja,49.41932296,14.140937,1.722,454.371186,451.215539,13.252318,354.195137,351.732193,30.47667457
4,4,741.2898443,741.2898443,0,19.269738,0,0,5.71704,8.47224,#¿NOMBRE?,#¿NOMBRE?,0,6.7056,4.2,5.1,SA,SA,NA,Baja,Baja,0,0,0,0,10.159644,0,0,0,9.909383804
4,4,741.2898443,741.2898443,19.269738,35.663709,0,0,8.47224,12.49024,#¿NOMBRE?,#¿NOMBRE?,6.7056,8.2296,5.1,6.2,SA,SA,NA,Baja,Baja,0,0,0,10.159644,27.344276,0,0,0,12.06313419
4,4,741.2898443,741.2898443,35.663709,53.268161,0,0,12.49024,15.88832,#¿NOMBRE?,#¿NOMBRE?,8.2296,9.7536,6.2,7,SA,SA,NA,Baja,Baja,0,0,0,27.344276,45.256596,0,0,0,14.64692392
4,4,741.2898443,741.2898443,53.268161,66.072671,0,0,15.88832,18.16136,#¿NOMBRE?,#¿NOMBRE?,9.7536,10.3632,7,7.7,SA,SA,NA,Baja,Baja,0,0,0,45.256596,58.264019,0,0,0.440811,16.51961887
4,4,741.2898443,741.2898443,66.072671,89.764513,0,0,18.16136,21.65128,#¿NOMBRE?,#¿NOMBRE?,10.3632,12.192,7.7,8.9,SA,SA,NA,Baja,Baja,0,0,0,58.264019,82.039825,0,0.440811,5.569612,17.66181038
4,4,741.2898443,741.2898443,89.764513,112.518757,0,0,21.65128,25.07232,#¿NOMBRE?,#¿NOMBRE?,12.192,12.8016,8.9,10.3,SA,SA,NA,Baja,Baja,0,0,0,82.039825,105.122928,0,5.569612,20.928027,19.28425308
4,4,741.2898443,741.2898443,112.518757,142.514896,0,0,25.07232,27.80456,#¿NOMBRE?,#¿NOMBRE?,12.8016,14.3256,10.3,12.1,SA,SA,NA,Baja,Baja,0,0,0,105.122928,134.755223,0,20.928027,42.527766,20.75192051
4,4,741.2898443,741.2898443,142.514896,173.31569,0,0,27.80456,30.6516,#¿NOMBRE?,#¿NOMBRE?,14.3256,15.5448,12.1,14.3,SA,SA,NA,Baja,Baja,0,0,0,134.755223,165.388089,0,42.527766,67.688978,21.85340164
4,4,741.2898443,741.2898443,173.31569,202.010387,0,0,30.6516,33.79712,#¿NOMBRE?,#¿NOMBRE?,15.5448,16.764,14.3,16.1,SA,SA,NA,Baja,Baja,0,0,0,165.388089,194.271705,0,67.688978,96.971423,22.94497606
4,4,741.2898443,741.2898443,202.010387,243.306681,0,0,33.79712,36.94264,#¿NOMBRE?,#¿NOMBRE?,16.764,18.8976,16.1,18.1,SA,SA,NA,Baja,Baja,0,0,0,194.271705,235.372083,0,96.971423,135.510899,24.09355479
4,4,741.2898443,741.2898443,243.306681,295.76319,0,0,36.94264,40.754,#¿NOMBRE?,#¿NOMBRE?,18.8976,20.7264,18.1,20.3,SA,SA,NA,Baja,Baja,0,0,0,235.372083,287.660664,0,135.510899,185.406506,25.18981617
4,4,741.2898443,741.2898443,295.76319,324.164013,0,0,40.754,42.61376,#¿NOMBRE?,#¿NOMBRE?,20.7264,21.336,20.3,22.1,SA,SA,NA,Baja,Baja,0,0,0,287.660664,315.963529,0,185.406506,212.519881,26.45733856
4,4,741.2898443,728.9350136,324.164013,358.715199,0,0,42.61376,45.13936,#¿NOMBRE?,#¿NOMBRE?,21.336,23.1648,22.1,24,SA,SA,NA,Baja,Baja,0,0,0,315.963529,350.787598,0,212.519881,250.429627,27.05427885
4,4,728.9350136,728.9350136,358.715199,399.339781,0,0,45.13936,47.34352,#¿NOMBRE?,#¿NOMBRE?,23.1648,24.384,24,26,SA,SA,NA,Baja,Baja,12.35483074,2.420962,0.36736,350.787598,391.244252,2.218049,250.429627,288.703217,28.07943417
4,4,728.9350136,716.5801829,399.339781,434.86355,0,0,47.34352,49.57064,#¿NOMBRE?,#¿NOMBRE?,24.384,25.2984,26,28.1,SA,SA,NA,Baja,Baja,0,0,0,391.244252,426.977931,0,288.703217,327.025786,28.75682443
4,4,716.5801829,691.8705214,434.86355,455.035901,0,0,49.57064,49.96096,#¿NOMBRE?,#¿NOMBRE?,25.2984,25.2984,28.1,30,SA,SA,NA,Baja,Baja,12.35483074,4.051263,0.52808,426.977931,447.423165,3.876338,327.025786,350.304805,29.67802017
4,4,691.8705214,691.8705214,455.035901,473.661915,0,0,49.96096,51.84368,#¿NOMBRE?,#¿NOMBRE?,25.2984,25.6032,30,32.1,SA,SA,NA,Baja,Baja,24.70966148,8.494358,1.05616,447.423165,466.182122,8.11652,350.304805,370.917967,30.32201325
4,4,691.8705214,654.8060292,473.661915,491.595226,0,0,51.84368,52.44064,#¿NOMBRE?,#¿NOMBRE?,25.6032,26.2128,32.1,34.1,SA,SA,NA,Baja,Baja,0,0,0,466.182122,484.738166,0,370.917967,397.443594,30.88805461
4,4,654.8060292,580.6770447,491.595226,473.298071,0,0,52.44064,53.17536,#¿NOMBRE?,#¿NOMBRE?,26.2128,26.8224,34.1,36.2,SA,SA,NA,Baja,Baja,37.06449222,12.041837,1.4924,484.738166,466.6999,11.47508,397.443594,382.651936,31.93248495
5,5,481.8383988,481.8383988,0,13.217333,0,0,3.83432,5.87776,#¿NOMBRE?,#¿NOMBRE?,0,6.7056,4.2,5.1,SA,SA,NA,Baja,Baja,0,0,0,0,7.682706,0,0,0,10.06580548
5,5,481.8383988,481.8383988,13.217333,23.901752,0,0,5.87776,8.3804,#¿NOMBRE?,#¿NOMBRE?,6.7056,8.5344,5.1,6.2,SA,SA,NA,Baja,Baja,0,0,0,7.682706,18.68199,0,0,0,12.46264661
5,5,481.8383988,481.8383988,23.901752,37.727824,0,0,8.3804,11.2504,#¿NOMBRE?,#¿NOMBRE?,8.5344,9.7536,6.2,7,SA,SA,NA,Baja,Baja,0,0,0,18.68199,32.906891,0,0,0.363844,14.88115807
5,5,481.8383988,481.8383988,37.727824,47.01984,0,0,11.2504,12.8576,#¿NOMBRE?,#¿NOMBRE?,9.7536,10.668,7,7.7,SA,SA,NA,Baja,Baja,0,0,0,32.906891,42.289868,0,0.363844,0.790661,17.24202767
5,5,481.8383988,481.8383988,47.01984,67.437086,0,0,12.8576,16.27864,#¿NOMBRE?,#¿NOMBRE?,10.668,11.5824,7.7,8.9,SA,SA,NA,Baja,Baja,0,0,0,42.289868,63.028976,0,0.790661,9.019133,18.43250291
5,5,481.8383988,481.8383988,67.437086,89.134783,0,0,16.27864,19.47008,#¿NOMBRE?,#¿NOMBRE?,11.5824,12.8016,8.9,10.3,SA,SA,NA,Baja,Baja,0,0,0,63.028976,84.929586,0,9.019133,30.968722,20.7402227
5,5,481.8383988,481.8383988,89.134783,121.460923,0,0,19.47008,23.32736,#¿NOMBRE?,#¿NOMBRE?,12.8016,14.6304,10.3,12.1,SA,SA,NA,Baja,Baja,0,0,0,84.929586,117.346687,0,30.968722,64.344412,22.68235921
5,5,481.8383988,481.8383988,121.460923,150.400515,0,0,23.32736,26.26624,#¿NOMBRE?,#¿NOMBRE?,14.6304,15.8496,12.1,14.3,SA,SA,NA,Baja,Baja,0,0,0,117.346687,146.286279,0,64.344412,93.381962,24.82773788
5,5,481.8383988,481.8383988,150.400515,177.891728,0,0,26.26624,29.43472,#¿NOMBRE?,#¿NOMBRE?,15.8496,16.764,14.3,16.1,SA,SA,NA,Baja,Baja,0,0,0,146.286279,173.94542,0,93.381962,123.154197,26.3453098
5,5,481.8383988,481.8383988,177.891728,215.899432,0,0,29.43472,32.58024,#¿NOMBRE?,#¿NOMBRE?,16.764,18.5928,16.1,18.1,SA,SA,NA,Baja,Baja,0,0,0,173.94542,211.932133,0,123.154197,160.847036,27.88908785
5,5,481.8383988,481.8383988,215.899432,270.441047,0,0,32.58024,36.52936,#¿NOMBRE?,#¿NOMBRE?,18.5928,20.7264,18.1,20.3,SA,SA,NA,Baja,Baja,0,0,0,211.932133,266.403778,0,160.847036,214.444056,29.34144482
5,5,481.8383988,481.8383988,270.441047,297.281539,0,0,36.52936,38.54984,#¿NOMBRE?,#¿NOMBRE?,20.7264,21.6408,20.3,22.1,SA,SA,NA,Baja,Baja,0,0,0,266.403778,293.251267,0,214.444056,241.382506,31.06886496
5,5,481.8383988,481.8383988,297.281539,324.408908,0,0,38.54984,40.73104,#¿NOMBRE?,#¿NOMBRE?,21.6408,22.2504,22.1,24,SA,SA,NA,Baja,Baja,0,0,0,293.251267,320.427615,0,241.382506,269.111617,31.91652835
5,5,481.8383988,481.8383988,324.408908,359.01607,0,0,40.73104,42.84336,#¿NOMBRE?,#¿NOMBRE?,22.2504,23.1648,24,26,SA,SA,NA,Baja,Baja,0,0,0,320.427615,354.992795,0,269.111617,303.221992,32.80704433
5,5,481.8383988,469.4835681,359.01607,392.384763,0,0,42.84336,44.90976,#¿NOMBRE?,#¿NOMBRE?,23.1648,24.0792,26,28.1,SA,SA,NA,Baja,Baja,0,0,0,354.992795,388.529416,0,303.221992,338.927683,33.64698212
5,5,469.4835681,469.4835681,392.384763,412.305222,0,0,44.90976,46.01184,#¿NOMBRE?,#¿NOMBRE?,24.0792,24.6888,28.1,30,SA,SA,NA,Baja,Baja,12.35483074,4.834927,0.66584,388.529416,408.386902,4.701984,338.927683,357.994508,34.89918043
5,5,469.4835681,457.1287373,412.305222,441.608658,0,0,46.01184,47.5272,#¿NOMBRE?,#¿NOMBRE?,24.6888,25.6032,30,32.1,SA,SA,NA,Baja,Baja,0,0,0,408.386902,437.837275,0,357.994508,389.208125,35.32479592
5,5,457.1287373,432.4190759,441.608658,454.119294,0,0,47.5272,47.77976,#¿NOMBRE?,#¿NOMBRE?,25.6032,26.2128,32.1,34.1,SA,SA,NA,Baja,Baja,12.35483074,6.283306,0.75768,437.837275,450.648782,6.143366,389.208125,405.972937,36.38370417
5,5,432.4190759,407.7094144,454.119294,458.625362,0,0,47.77976,47.7568,#¿NOMBRE?,#¿NOMBRE?,26.2128,27.1272,34.1,36.2,SA,SA,NA,Baja,Baja,24.70966148,12.111807,1.44648,450.648782,455.322778,11.82493,405.972937,412.997925,37.50806148
6,6,370.6449222,370.6449222,0,11.076251,0,0,3.0996,4.63792,#¿NOMBRE?,#¿NOMBRE?,0,7.3152,4.2,5.1,SA,SA,NA,Baja,Baja,0,0,0,0,6.619162,0,0,0,10.318792
6,6,370.6449222,370.6449222,11.076251,20.116375,0,0,4.63792,6.7732,#¿NOMBRE?,#¿NOMBRE?,7.3152,8.8392,5.1,6.2,SA,SA,NA,Baja,Baja,0,0,0,6.619162,16.072109,0,0,0,12.6222756
6,6,370.6449222,370.6449222,20.116375,31.76638,0,0,6.7732,9.0692,#¿NOMBRE?,#¿NOMBRE?,8.8392,10.0584,6.2,7,SA,SA,NA,Baja,Baja,0,0,0,16.072109,28.015988,0,0,0.111952,15.25362207
6,6,370.6449222,370.6449222,31.76638,39.085242,0,0,9.0692,10.4468,#¿NOMBRE?,#¿NOMBRE?,10.0584,10.9728,7,7.7,SA,SA,NA,Baja,Baja,0,0,0,28.015988,35.530766,0,0.111952,1.567328,17.65064262
6,6,370.6449222,370.6449222,39.085242,58.431947,0,0,10.4468,13.59232,#¿NOMBRE?,#¿NOMBRE?,10.9728,12.192,7.7,8.9,SA,SA,NA,Baja,Baja,0,0,0,35.530766,55.143357,0,1.567328,14.070967,18.94382496
6,6,370.6449222,370.6449222,58.431947,77.134928,0,0,13.59232,16.32456,#¿NOMBRE?,#¿NOMBRE?,12.192,13.1064,8.9,10.3,SA,SA,NA,Baja,Baja,0,0,0,55.143357,74.014266,0,14.070967,33.683558,21.60841078
6,6,370.6449222,370.6449222,77.134928,102.729954,0,0,16.32456,19.26344,#¿NOMBRE?,#¿NOMBRE?,13.1064,14.9352,10.3,12.1,SA,SA,NA,Baja,Baja,0,0,0,74.014266,99.665268,0,33.683558,60.202188,23.68082205
6,6,370.6449222,370.6449222,102.729954,132.649126,0,0,19.26344,22.386,#¿NOMBRE?,#¿NOMBRE?,14.9352,16.4592,12.1,14.3,SA,SA,NA,Baja,Baja,0,0,0,99.665268,129.640416,0,60.202188,90.898027,25.72426378
6,6,370.6449222,370.6449222,132.649126,159.5316,0,0,22.386,25.43968,#¿NOMBRE?,#¿NOMBRE?,16.4592,17.3736,14.3,16.1,SA,SA,NA,Baja,Baja,0,0,0,129.640416,156.66283,0,90.898027,119.71867,27.73092024
6,6,370.6449222,370.6449222,159.5316,197.420355,0,0,25.43968,28.44744,#¿NOMBRE?,#¿NOMBRE?,17.3736,19.812,16.1,18.1,SA,SA,NA,Baja,Baja,0,0,0,156.66283,194.530594,0,119.71867,157.250578,29.56186668
6,6,370.6449222,370.6449222,197.420355,244.1953,0,0,28.44744,32.16696,#¿NOMBRE?,#¿NOMBRE?,19.812,21.336,18.1,20.3,SA,SA,NA,Baja,Baja,0,0,0,194.530594,241.319533,0,157.250578,204.3124,31.26062286
6,6,370.6449222,370.6449222,244.1953,272.876003,0,0,32.16696,33.9808,#¿NOMBRE?,#¿NOMBRE?,21.336,22.5552,20.3,22.1,SA,SA,NA,Baja,Baja,0,0,0,241.319533,269.965251,0,204.3124,232.524304,33.24153281
6,6,370.6449222,370.6449222,272.876003,300.815024,0,0,33.9808,36.36864,#¿NOMBRE?,#¿NOMBRE?,22.5552,23.4696,22.1,24,SA,SA,NA,Baja,Baja,0,0,0,269.965251,297.974242,0,232.524304,261.372935,34.16589734
6,6,370.6449222,370.6449222,300.815024,333.092185,0,0,36.36864,38.20544,#¿NOMBRE?,#¿NOMBRE?,23.4696,24.384,24,26,SA,SA,NA,Baja,Baja,0,0,0,297.974242,330.209421,0,261.372935,293.083339,35.34594216
6,6,370.6449222,370.6449222,333.092185,365.73319,0,0,38.20544,40.70808,#¿NOMBRE?,#¿NOMBRE?,24.384,24.9936,26,28.1,SA,SA,NA,Baja,Baja,0,0,0,330.209421,362.885411,0,293.083339,326.291101,36.2275225
6,6,370.6449222,370.6449222,365.73319,385.842568,0,0,40.70808,42.2464,#¿NOMBRE?,#¿NOMBRE?,24.9936,24.9936,28.1,30,SA,SA,NA,Baja,Baja,0,0,0,362.885411,383.036771,0,326.291101,346.918257,37.39524145
6,6,370.6449222,370.6449222,385.842568,409.912248,0,0,42.2464,43.8536,#¿NOMBRE?,#¿NOMBRE?,24.9936,25.6032,30,32.1,SA,SA,NA,Baja,Baja,0,0,0,383.036771,407.127442,0,346.918257,371.246826,38.09525503
6,6,370.6449222,370.6449222,409.912248,443.168989,0,0,43.8536,45.5756,#¿NOMBRE?,#¿NOMBRE?,25.6032,26.5176,32.1,34.1,SA,SA,NA,Baja,Baja,0,0,0,407.127442,440.349198,0,371.246826,404.020774,38.81312916
6,6,370.6449222,358.2900914,443.168989,461.850979,0,0,45.5756,46.6088,#¿NOMBRE?,#¿NOMBRE?,26.5176,27.432,34.1,36.2,SA,SA,NA,Baja,Baja,0,0,0,440.349198,459.108155,0,404.020774,423.829281,39.56782966
7,7,247.0966148,247.0966148,0,7.710694,0,0,2.22712,3.19144,#¿NOMBRE?,#¿NOMBRE?,0,7.0104,4.2,5.1,SA,SA,NA,Baja,Baja,0,0,0,0,4.82793,0,0,0,10.71256501
7,7,247.0966148,247.0966148,7.710694,14.007994,0,0,3.19144,4.7068,#¿NOMBRE?,#¿NOMBRE?,7.0104,8.5344,5.1,6.2,SA,SA,NA,Baja,Baja,0,0,0,4.82793,11.40511,0,0,0,12.82374884
7,7,247.0966148,247.0966148,14.007994,22.18049,0,0,4.7068,6.29104,#¿NOMBRE?,#¿NOMBRE?,8.5344,10.0584,6.2,7,SA,SA,NA,Baja,Baja,0,0,0,11.40511,19.752531,0,0,0.181922,15.57343928
7,7,247.0966148,247.0966148,22.18049,28.001994,0,0,6.29104,7.37016,#¿NOMBRE?,#¿NOMBRE?,10.0584,10.668,7,7.7,SA,SA,NA,Baja,Baja,0,0,0,19.752531,25.713975,0,0.181922,1.385406,18.00457544
7,7,247.0966148,247.0966148,28.001994,42.947586,0,0,7.37016,9.8728,#¿NOMBRE?,#¿NOMBRE?,10.668,12.192,7.7,8.9,SA,SA,NA,Baja,Baja,0,0,0,25.713975,40.883471,0,1.385406,14.504781,19.4876791
7,7,247.0966148,247.0966148,42.947586,58.711827,0,0,9.8728,12.23768,#¿NOMBRE?,#¿NOMBRE?,12.192,13.716,8.9,10.3,SA,SA,NA,Baja,Baja,0,0,0,40.883471,56.808643,0,14.504781,32.270164,22.55494805
7,7,247.0966148,247.0966148,58.711827,80.031686,0,0,12.23768,14.74032,#¿NOMBRE?,#¿NOMBRE?,13.716,15.24,10.3,12.1,SA,SA,NA,Baja,Baja,0,0,0,56.808643,78.177481,0,32.270164,54.359693,25.1114163
7,7,247.0966148,247.0966148,80.031686,105.703679,0,0,14.74032,17.5644,#¿NOMBRE?,#¿NOMBRE?,15.24,16.764,12.1,14.3,SA,SA,NA,Baja,Baja,0,0,0,78.177481,103.926441,0,54.359693,81.130215,27.55974008
7,7,247.0966148,247.0966148,105.703679,131.445642,0,0,17.5644,20.29664,#¿NOMBRE?,#¿NOMBRE?,16.764,18.288,14.3,16.1,SA,SA,NA,Baja,Baja,0,0,0,103.926441,129.752368,0,81.130215,107.956713,30.08418987
7,7,247.0966148,247.0966148,131.445642,164.912293,0,0,20.29664,23.21256,#¿NOMBRE?,#¿NOMBRE?,18.288,19.812,16.1,18.1,SA,SA,NA,Baja,Baja,0,0,0,129.752368,163.254004,0,107.956713,141.927148,32.33953238
7,7,247.0966148,247.0966148,164.912293,207.447056,0,0,23.21256,26.56472,#¿NOMBRE?,#¿NOMBRE?,19.812,21.336,18.1,20.3,SA,SA,NA,Baja,Baja,0,0,0,163.254004,205.802761,0,141.927148,184.706806,34.58463377
7,7,247.0966148,247.0966148,207.447056,230.942982,0,0,26.56472,28.2408,#¿NOMBRE?,#¿NOMBRE?,21.336,22.5552,20.3,22.1,SA,SA,NA,Baja,Baja,0,0,0,205.802761,229.312681,0,184.706806,208.314684,36.9976622
7,7,247.0966148,247.0966148,230.942982,254.089058,0,0,28.2408,30.26128,#¿NOMBRE?,#¿NOMBRE?,22.5552,23.1648,22.1,24,SA,SA,NA,Baja,Baja,0,0,0,229.312681,252.500739,0,208.314684,232.132472,38.14697978
7,7,247.0966148,247.0966148,254.089058,281.146457,0,0,30.26128,32.30472,#¿NOMBRE?,#¿NOMBRE?,23.1648,23.7744,24,26,SA,SA,NA,Baja,Baja,0,0,0,252.500739,279.586126,0,232.132472,259.525727,39.4880155
7,7,247.0966148,247.0966148,281.146457,313.087762,0,0,32.30472,34.53184,#¿NOMBRE?,#¿NOMBRE?,23.7744,24.384,26,28.1,SA,SA,NA,Baja,Baja,0,0,0,279.586126,311.548422,0,259.525727,291.70493,40.79948227
7,7,247.0966148,247.0966148,313.087762,332.56741,0,0,34.53184,36.13904,#¿NOMBRE?,#¿NOMBRE?,24.384,24.9936,28.1,30,SA,SA,NA,Baja,Baja,0,0,0,311.548422,331.063055,0,291.70493,311.653377,42.18242291
7,7,247.0966148,247.0966148,332.56741,358.092466,0,0,36.13904,37.90696,#¿NOMBRE?,#¿NOMBRE?,24.9936,25.6032,30,32.1,SA,SA,NA,Baja,Baja,0,0,0,331.063055,356.595108,0,311.653377,337.402337,43.15289806
7,7,247.0966148,247.0966148,358.092466,385.009925,0,0,37.90696,39.39936,#¿NOMBRE?,#¿NOMBRE?,25.6032,26.5176,32.1,34.1,SA,SA,NA,Baja,Baja,0,0,0,356.595108,383.512567,0,337.402337,364.256823,44.19581429
7,7,247.0966148,247.0966148,385.009925,405.252246,0,0,39.39936,40.50144,#¿NOMBRE?,#¿NOMBRE?,26.5176,26.8224,34.1,36.2,SA,SA,NA,Baja,Baja,0,0,0,383.512567,403.747891,0,364.256823,384.41518,45.0574122
8,8,123.5483074,123.5483074,0,4.023275,0,0,1.07912,1.6072,#¿NOMBRE?,#¿NOMBRE?,0,7.0104,4.2,5.1,SA,SA,NA,Baja,Baja,0,0,0,0,2.511923,0,0,0,10.54560573
8,8,123.5483074,123.5483074,4.023275,7.304868,0,0,1.6072,2.34192,#¿NOMBRE?,#¿NOMBRE?,7.0104,8.8392,5.1,6.2,SA,SA,NA,Baja,Baja,0,0,0,2.511923,5.912465,0,0,0,12.86979476
8,8,123.5483074,123.5483074,7.304868,11.838924,0,0,2.34192,3.28328,#¿NOMBRE?,#¿NOMBRE?,8.8392,10.0584,6.2,7,SA,SA,NA,Baja,Baja,0,0,0,5.912465,10.607452,0,0,0.41982,15.53540885
8,8,123.5483074,123.5483074,11.838924,14.945592,0,0,3.28328,3.81136,#¿NOMBRE?,#¿NOMBRE?,10.0584,10.9728,7,7.7,SA,SA,NA,Baja,Baja,0,0,0,10.607452,13.78409,0,0.41982,1.763244,18.3946115
8,8,123.5483074,123.5483074,14.945592,23.698839,0,0,3.81136,5.34968,#¿NOMBRE?,#¿NOMBRE?,10.9728,12.192,7.7,8.9,SA,SA,NA,Baja,Baja,0,0,0,13.78409,22.698268,0,1.763244,9.767812,19.81876761
8,8,123.5483074,123.5483074,23.698839,33.508633,0,0,5.34968,6.84208,#¿NOMBRE?,#¿NOMBRE?,12.192,13.4112,8.9,10.3,SA,SA,NA,Baja,Baja,0,0,0,22.698268,32.599023,0,9.767812,20.893042,23.48013349
8,8,123.5483074,123.5483074,33.508633,49.88861,0,0,6.84208,8.97736,#¿NOMBRE?,#¿NOMBRE?,13.4112,14.9352,10.3,12.1,SA,SA,NA,Baja,Baja,0,0,0,32.599023,49.069961,0,20.893042,38.581458,26.55404783
8,8,123.5483074,123.5483074,49.88861,67.828918,0,0,8.97736,11.11264,#¿NOMBRE?,#¿NOMBRE?,14.9352,16.4592,12.1,14.3,SA,SA,NA,Baja,Baja,0,0,0,49.069961,67.080239,0,38.581458,57.431376,30.41662195
8,8,123.5483074,123.5483074,67.828918,83.327273,0,0,11.11264,12.88056,#¿NOMBRE?,#¿NOMBRE?,16.4592,17.3736,14.3,16.1,SA,SA,NA,Baja,Baja,0,0,0,67.080239,82.620576,0,57.431376,73.566458,33.84116318
8,8,123.5483074,123.5483074,83.327273,104.136351,0,0,12.88056,14.74032,#¿NOMBRE?,#¿NOMBRE?,17.3736,18.5928,16.1,18.1,SA,SA,NA,Baja,Baja,0,0,0,82.620576,103.450645,0,73.566458,94.627428,36.43376324
8,8,123.5483074,123.5483074,104.136351,130.291137,0,0,14.74032,16.92152,#¿NOMBRE?,#¿NOMBRE?,18.5928,20.4216,18.1,20.3,SA,SA,NA,Baja,Baja,0,0,0,103.450645,129.626422,0,94.627428,121.020112,38.9753582
8,8,123.5483074,123.5483074,130.291137,146.118351,0,0,16.92152,18.1384,#¿NOMBRE?,#¿NOMBRE?,20.4216,21.336,20.3,22.1,SA,SA,NA,Baja,Baja,0,0,0,129.626422,145.460633,0,121.020112,136.994263,41.75960145
8,8,123.5483074,123.5483074,146.118351,159.825474,0,0,18.1384,19.37824,#¿NOMBRE?,#¿NOMBRE?,21.336,21.9456,22.1,24,SA,SA,NA,Baja,Baja,0,0,0,145.460633,159.195744,0,136.994263,151.002257,43.23506805
8,8,123.5483074,123.5483074,159.825474,176.121487,0,0,19.37824,20.59512,#¿NOMBRE?,#¿NOMBRE?,21.9456,22.5552,24,26,SA,SA,NA,Baja,Baja,0,0,0,159.195744,175.491757,0,151.002257,167.410222,44.68829904
8,8,123.5483074,123.5483074,176.121487,198.001106,0,0,20.59512,22.40896,#¿NOMBRE?,#¿NOMBRE?,22.5552,23.4696,26,28.1,SA,SA,NA,Baja,Baja,0,0,0,175.491757,197.392367,0,167.410222,189.583715,46.07006476
8,8,123.5483074,123.5483074,198.001106,213.324536,0,0,22.40896,23.37328,#¿NOMBRE?,#¿NOMBRE?,23.4696,24.0792,28.1,30,SA,SA,NA,Baja,Baja,0,0,0,197.392367,212.715797,0,189.583715,204.928136,48.05598795
8,8,123.5483074,123.5483074,213.324536,231.25085,0,0,23.37328,24.47536,#¿NOMBRE?,#¿NOMBRE?,24.0792,24.9936,30,32.1,SA,SA,NA,Baja,Baja,0,0,0,212.715797,230.649108,0,204.928136,222.889435,49.07908871
8,8,123.5483074,123.5483074,231.25085,245.321817,0,0,24.47536,25.55448,#¿NOMBRE?,#¿NOMBRE?,24.9936,25.2984,32.1,34.1,SA,SA,NA,Baja,Baja,0,0,0,230.649108,244.734069,0,222.889435,237.121333,50.2228326
8,8,123.5483074,123.5483074,245.321817,254.166025,0,0,25.55448,26.0596,#¿NOMBRE?,#¿NOMBRE?,25.2984,25.6032,34.1,36.2,SA,SA,NA,Baja,Baja,0,0,0,244.734069,253.578277,0,237.121333,245.986532,51.31805447
9,9,2866.320731,2866.320731,0,34.278303,16.46232,21.72016,13.68416,18.87312,0.168758717,0.131078224,0,6.096,4.2,5.1,SA,CA,NA,Alta,Alta,0,0,0,0,3.036698,0,0,0,7.796536899
9,9,2866.320731,2866.320731,34.278303,57.984139,21.72016,26.67952,18.87312,25.4856,0.131078224,0.04475043,6.096,7.62,5.1,6.2,SA,CA,NA,Alta,Alta,0,0,0,3.036698,19.45166,0,0,0,9.156184126
9,9,2866.320731,2866.320731,57.984139,83.796072,26.67952,30.8812,25.4856,30.6516,0.04475043,0.007434944,7.62,8.8392,6.2,7,SA,CA,NA,Alta,Alta,0,0,0,19.45166,41.793081,0,0,0,10.63996252
9,9,2866.320731,2841.61107,83.796072,98.440793,30.8812,33.9808,30.6516,33.26904,0.007434944,0.020945946,8.8392,9.4488,7,7.7,SA,CA,NA,Alta,Alta,0,0,0,41.793081,55.185339,0,0,0,11.66861314
9,9,2841.61107,2742.772424,98.440793,123.678972,33.9808,36.94264,33.26904,36.162,0.020945946,0.021131137,9.4488,10.668,7.7,8.9,SA,CA,NA,Alta,Alta,24.70966148,0.006997,0,55.185339,79.003127,0,0,0,12.20935934
9,9,2742.772424,1976.772918,123.678972,112.749658,36.94264,38.18248,36.162,30.67456,0.021131137,0.196632592,10.668,11.2776,8.9,10.3,A,CA,NA,Alta,Alta,98.83864591,1.714265,0.59696,79.003127,81.913879,0.447808,0,0,12.95646103
9,9,1976.772918,1976.772918,112.749658,145.621564,38.18248,37.44776,30.67456,34.6696,0.196632592,0.074187615,11.2776,13.1064,10.3,12.1,SA,CA,ResAcl,Alta,Alta,765.9995058,32.864909,9.32176,81.913879,113.624283,19.395684,0,0,14.05613239
9,9,1976.772918,1000.74129,145.621564,110.965423,37.44776,40.8688,34.6696,22.93704,0.074187615,0.438764045,13.1064,14.0208,12.1,14.3,SA,CA,ResAcl,Alta,Alta,0,0,0,113.624283,96.026828,0,0,1.11952,14.94345718
9,9,1000.74129,988.3864591,110.965423,141.556307,40.8688,43.30256,22.93704,27.00096,0.438764045,0.376458112,14.0208,15.24,14.3,16.1,SA,CA,ResAcl,Alta,Alta,976.0316284,1.287448,15.88832,96.026828,127.723238,53.548041,1.11952,12.601597,17.08294867
9,9,988.3864591,494.1932296,141.556307,110.363681,43.30256,46.17256,27.00096,18.41392,0.376458112,0.601193436,15.24,17.0688,16.1,18.1,SA,CA,ResAcl,Alta,Alta,12.35483074,0.895616,0.20664,127.723238,104.262297,0.664715,12.601597,33.347702,18.65010446
9,9,494.1932296,494.1932296,110.363681,154.346823,46.17256,47.34352,18.41392,22.54672,0.601193436,0.523763337,17.0688,19.5072,18.1,20.3,SA,CA,ResAcl,Alta,Alta,494.1932296,3.694416,13.17904,104.262297,148.427361,66.19162,33.347702,76.113366,21.78109903
9,9,494.1932296,247.0966148,154.346823,102.988843,47.34352,48.28488,22.54672,14.07448,0.523763337,0.70851165,19.5072,20.4216,20.3,22.1,A,CA,ResAcl,Alta,Alta,0,0,0,148.427361,100.392956,0,76.113366,66.982281,24.10173735
9,9,247.0966148,247.0966148,102.988843,123.280143,48.28488,49.84616,14.07448,16.16384,0.70851165,0.675725472,20.4216,21.0312,22.1,24,SA,CA,ResAcl,Alta,Alta,247.0966148,6.766099,10.92896,100.392956,120.866178,3.652434,66.982281,89.848477,26.93009222
9,9,247.0966148,247.0966148,123.280143,142.969701,49.84616,51.40744,16.16384,18.00064,0.675725472,0.64984368,21.0312,21.9456,24,26,SA,CA,ResAcl,Alta,Alta,0,0,0,120.866178,140.667688,0,89.848477,111.056384,28.85984093
9,9,247.0966148,247.0966148,142.969701,167.445207,51.40744,53.22128,18.00064,20.57216,0.64984368,0.613459879,21.9456,22.2504,26,28.1,SA,CA,ResAcl,Alta,Alta,0,0,0,140.667688,165.332113,0,111.056384,138.099789,30.45549305
9,9,247.0966148,247.0966148,167.445207,191.151043,53.22128,52.64728,20.57216,22.54672,0.613459879,0.571740078,22.2504,22.86,28.1,30,SA,CA,ResAcl,Alta,Alta,0,0,0,165.332113,189.100922,0,138.099789,162.715235,32.55829158
9,9,247.0966148,247.0966148,191.151043,213.933275,52.64728,54.8744,22.54672,24.70496,0.571740078,0.549790795,22.86,23.1648,30,32.1,SA,CA,ResAcl,Alta,Alta,0,0,0,189.100922,211.981112,0,162.715235,186.917858,34.08500384
9,9,247.0966148,247.0966148,213.933275,234.966257,54.8744,53.0376,24.70496,26.44992,0.549790795,0.501298701,23.1648,23.4696,32.1,34.1,SA,CA,ResAcl,Alta,Alta,0,0,0,211.981112,233.077067,0,186.917858,208.748498,35.67908753
9,9,247.0966148,247.0966148,234.966257,260.806178,53.0376,52.25696,26.44992,28.72296,0.501298701,0.450351494,23.4696,24.0792,34.1,36.2,SA,CA,ResAcl,Alta,Alta,0,0,0,233.077067,258.993955,0,208.748498,235.721933,36.91763256
10,10,2891.030393,2878.675562,0,33.23575,16.46232,21.72016,13.84488,19.01088,0.158995816,0.124735729,0,5.7912,4.2,5.1,SA,CA,NA,Alta,Alta,0,0,0,0,2.959731,0,0,0,7.808602736
10,10,2878.675562,1976.772918,33.23575,42.422811,21.72016,26.67952,19.01088,19.14864,0.124735729,0.282271945,5.7912,7.3152,5.1,6.2,SA,CA,NA,Alta,Alta,12.35483074,0.055976,0.04592,2.959731,15.435382,0,0,0,9.169798851
10,10,1976.772918,1976.772918,42.422811,64.876184,26.67952,30.8812,19.14864,23.80952,0.282271945,0.228996283,7.3152,8.5344,6.2,7,SA,CA,NA,Alta,Alta,901.9026439,12.202768,5.90072,15.435382,36.87419,1.224475,0,0,11.10569227
10,10,1976.772918,1976.772918,64.876184,78.051535,30.8812,33.9808,23.80952,26.65656,0.228996283,0.215540541,8.5344,9.144,7,7.7,SA,CA,NA,Alta,Alta,0,0,0,36.87419,50.637289,0,0,0,12.38374464
10,10,1976.772918,1964.418087,78.051535,103.926441,33.9808,36.94264,26.65656,30.74344,0.215540541,0.167806091,9.144,10.668,7.7,8.9,SA,CA,NA,Alta,Alta,0,0,0,50.637289,76.12736,0,0,0,13.10324073
10,10,1964.418087,988.3864591,103.926441,70.445796,36.94264,38.18248,30.74344,19.03384,0.167806091,0.501503307,10.668,11.2776,8.9,10.3,A,CA,NA,Alta,Alta,12.35483074,0.916607,0.25256,76.12736,57.606301,0.776667,0,0,14.11608704
10,10,988.3864591,988.3864591,70.445796,102.219173,38.18248,37.44776,19.03384,23.48808,0.501503307,0.372777437,11.2776,12.8016,10.3,12.1,SA,CA,ResAcl,Alta,Alta,976.0316284,54.534618,15.40616,57.606301,89.512621,40.127795,0,1.25946,15.65867005
10,10,988.3864591,494.1932296,102.219173,75.133786,37.44776,40.8688,23.48808,15.13064,0.372777437,0.629775281,12.8016,14.3256,12.1,14.3,SA,CA,ResAcl,Alta,Alta,0,0,0,89.512621,69.242312,0,1.25946,9.152076,17.39463918
10,10,494.1932296,494.1932296,75.133786,101.309563,40.8688,43.30256,15.13064,18.942,0.629775281,0.562566278,14.3256,15.24,14.3,16.1,SA,CA,ResAcl,Alta,Alta,494.1932296,61.188765,12.81168,69.242312,96.026828,54.737531,9.152076,29.793226,19.74400775
10,10,494.1932296,247.0966148,101.309563,76.631144,43.30256,46.17256,18.942,12.628,0.562566278,0.726504227,15.24,17.3736,16.1,18.1,SA,CA,ResAcl,Alta,Alta,0,0,0,96.026828,74.280152,0,29.793226,44.032121,22.09121385
10,10,247.0966148,247.0966148,76.631144,105.276862,46.17256,47.34352,12.628,15.58984,0.726504227,0.67070805,17.3736,18.8976,18.1,20.3,SA,CA,ResAcl,Alta,Alta,247.0966148,61.314711,10.46976,74.280152,103.079804,58.669845,44.032121,74.832915,25.50873653
10,10,247.0966148,247.0966148,105.276862,122.860323,47.34352,48.28488,15.58984,17.42664,0.67070805,0.639087019,18.8976,19.812,20.3,22.1,SA,CA,ResAcl,Alta,Alta,0,0,0,103.079804,120.76822,0,74.832915,93.836767,28.34278292
10,10,247.0966148,247.0966148,122.860323,142.430932,48.28488,49.84616,17.42664,19.72264,0.639087019,0.604329802,19.812,20.1168,22.1,24,SA,CA,ResAcl,Alta,Alta,0,0,0,120.76822,140.492763,0,93.836767,115.506476,29.96598041
10,10,247.0966148,247.0966148,142.430932,166.556588,49.84616,51.40744,19.72264,21.90384,0.604329802,0.573916927,20.1168,21.0312,24,26,SA,CA,ResAcl,Alta,Alta,0,0,0,140.492763,164.681392,0,115.506476,140.548739,31.87896297
10,10,247.0966148,247.0966148,166.556588,194.572576,51.40744,53.22128,21.90384,24.65904,0.573916927,0.536669543,21.0312,21.6408,26,28.1,SA,CA,ResAcl,Alta,Alta,0,0,0,164.681392,192.802335,0,140.548739,169.992115,33.59555273
10,10,247.0966148,247.0966148,194.572576,220.279554,53.22128,52.64728,24.65904,26.8632,0.536669543,0.489751417,21.6408,22.5552,28.1,30,SA,CA,ResAcl,Alta,Alta,0,0,0,192.802335,218.565289,0,169.992115,196.454769,35.6459131
10,10,247.0966148,247.0966148,220.279554,245.517733,52.64728,54.8744,26.8632,28.9296,0.489751417,0.472803347,22.5552,23.4696,30,32.1,SA,CA,ResAcl,Alta,Alta,0,0,0,218.565289,243.84545,0,196.454769,222.329675,37.20493364
10,10,247.0966148,247.0966148,245.517733,268.936692,54.8744,53.0376,28.9296,30.85824,0.472803347,0.418181818,23.4696,24.0792,32.1,34.1,SA,CA,ResAcl,Alta,Alta,0,0,0,243.84545,267.306391,0,222.329675,246.273409,38.60938429
10,10,247.0966148,247.0966148,268.936692,297.806314,53.0376,52.25696,30.85824,32.718,0.418181818,0.373901582,24.0792,25.2984,34.1,36.2,SA,CA,ResAcl,Alta,Alta,0,0,0,267.306391,296.176013,0,246.273409,275.233992,39.87560063
11,11,1976.772918,1976.772918,0,28.785658,9.66616,14.35,10.95192,15.42912,-0.133016627,-0.0752,0,5.7912,4.2,5.1,SA,CA,NA,Media,Baja,0,0,0,0,4.324146,0,0,0,8.398888183
11,11,1976.772918,988.3864591,28.785658,26.72854,14.35,19.0568,15.42912,11.27336,-0.0752,0.408433735,5.7912,7.3152,5.1,6.2,SA,CA,NA,Media,Baja,0,0,0,4.324146,14.042979,0,0,0,9.968900158
11,11,988.3864591,988.3864591,26.72854,44.200049,19.0568,23.51104,11.27336,14.99288,0.408433735,0.362304688,7.3152,8.8392,6.2,7,SA,CA,NA,Media,Baja,988.3864591,21.368838,9.36768,14.042979,31.745389,7.465799,0,0,12.05086868
11,11,988.3864591,988.3864591,44.200049,54.240744,23.51104,25.73816,14.99288,17.03632,0.362304688,0.33809099,8.8392,9.7536,7,7.7,SA,CA,NA,Media,Baja,0,0,0,31.745389,42.12194,0,0,0,13.8974205
11,11,988.3864591,988.3864591,54.240744,77.148922,25.73816,29.34288,17.03632,21.0084,0.33809099,0.284037559,9.7536,10.668,7.7,8.9,SA,CA,NA,Media,Baja,0,0,0,42.12194,65.337986,0,0,0,14.81424628
11,11,988.3864591,494.1932296,77.148922,55.996991,29.34288,32.8328,21.0084,13.73008,0.284037559,0.581818182,10.668,11.5824,8.9,10.3,A,CA,NA,Media,Baja,0,0,0,65.337986,50.749241,0,0,2.106097,16.45084289
11,11,494.1932296,494.1932296,55.996991,83.621147,32.8328,35.4732,13.73008,17.51848,0.581818182,0.506148867,11.5824,13.4112,10.3,12.1,SA,CA,ResAcl,Media,Baja,494.1932296,44.060109,11.18152,50.749241,78.597301,38.056683,2.106097,17.996284,18.80802518
11,11,494.1932296,247.0966148,83.621147,59.40453,35.4732,37.90696,17.51848,11.20448,0.506148867,0.704421563,13.4112,14.6304,12.1,14.3,SA,CA,ResAcl,Media,Baja,0,0,0,78.597301,57.137502,0,17.996284,27.994997,21.24490897
11,11,247.0966148,247.0966148,59.40453,79.856761,37.90696,40.43256,11.20448,13.91376,0.704421563,0.655877342,14.6304,15.8496,14.3,16.1,SA,CA,ResAcl,Media,Baja,247.0966148,52.106659,9.96464,57.137502,77.80664,49.629721,27.994997,51.441944,24.02799398
11,11,247.0966148,247.0966148,79.856761,104.731096,40.43256,42.61376,13.91376,16.646,0.655877342,0.609375,15.8496,17.3736,16.1,18.1,SA,CA,ResAcl,Media,Baja,0,0,0,77.80664,102.799924,0,51.441944,77.904598,26.77589002
11,11,247.0966148,247.0966148,104.731096,136.30156,42.61376,46.65472,16.646,19.76856,0.609375,0.576279528,17.3736,19.2024,18.1,20.3,SA,CA,ResAcl,Media,Baja,0,0,0,102.799924,134.461349,0,77.904598,110.727525,29.28711595
11,11,247.0966148,247.0966148,136.30156,156.550878,46.65472,48.3308,19.76856,21.5824,0.576279528,0.553444181,19.2024,20.1168,20.3,22.1,SA,CA,ResAcl,Media,Baja,0,0,0,134.461349,154.745652,0,110.727525,131.522609,31.91605311
11,11,247.0966148,247.0966148,156.550878,179.256143,48.3308,48.03232,21.5824,23.9932,0.553444181,0.500478011,20.1168,21.0312,22.1,24,SA,CA,ResAcl,Media,Baja,0,0,0,154.745652,177.548875,0,131.522609,155.634271,33.34813341
11,11,247.0966148,247.0966148,179.256143,205.984683,48.03232,49.96096,23.9932,26.1744,0.500478011,0.476102941,21.0312,21.9456,24,26,SA,CA,ResAcl,Media,Baja,0,0,0,177.548875,204.3124,0,155.634271,182.83161,35.16136679
11,11,247.0966148,247.0966148,205.984683,235.288119,49.96096,52.18808,26.1744,28.7,0.476102941,0.450065992,21.9456,22.86,26,28.1,SA,CA,ResAcl,Media,Baja,0,0,0,204.3124,233.678809,0,182.83161,212.91871,36.72484987
11,11,247.0966148,247.0966148,235.288119,255.229569,52.18808,50.46608,28.7,30.21536,0.450065992,0.401273885,22.86,23.1648,28.1,30,SA,CA,ResAcl,Media,Baja,0,0,0,233.678809,253.634253,0,212.91871,233.119049,38.45586725
11,11,247.0966148,247.0966148,255.229569,278.991381,50.46608,51.66,30.21536,32.12104,0.401273885,0.378222222,23.1648,23.7744,30,32.1,SA,CA,ResAcl,Media,Baja,0,0,0,253.634253,277.438047,0,233.119049,257.405636,39.45804357
11,11,247.0966148,247.0966148,278.991381,296.385923,51.66,50.71864,32.12104,33.54456,0.378222222,0.338614758,23.7744,23.7744,32.1,34.1,SA,CA,ResAcl,Media,Baja,0,0,0,277.438047,294.85358,0,257.405636,275.178016,40.68332692
11,11,247.0966148,234.741784,296.385923,307.147309,50.71864,49.86912,33.54456,33.4068,0.338614758,0.330110497,23.7744,24.9936,34.1,36.2,SA,CA,ResAcl,Media,Baja,0,0,0,294.85358,305.684936,0,275.178016,286.80703,41.57504341
12,12,988.3864591,741.2898443,0,21.067967,7.04872,10.58456,9.09216,10.60752,-0.28990228,-0.002169197,0,6.096,4.2,5.1,SA,CA,NA,Baja,Baja,0,0,0,0,14.448805,0,0,0,10.82244035
12,12,741.2898443,494.1932296,21.067967,22.145505,10.58456,14.53368,10.60752,8.70184,-0.002169197,0.401263823,6.096,7.62,5.1,6.2,SA,CA,NA,Baja,Baja,247.0966148,5.625588,2.91592,14.448805,17.401539,3.183635,0,0,13.49795462
12,12,494.1932296,494.1932296,22.145505,30.779803,14.53368,18.368,8.70184,10.14832,0.401263823,0.4475,7.62,8.8392,6.2,7,SA,CA,NA,Baja,Baja,247.0966148,9.103097,3.69656,17.401539,25.755957,6.472225,0,0,14.97311674
12,12,494.1932296,494.1932296,30.779803,38.182629,18.368,20.4344,10.14832,11.7096,0.4475,0.426966292,8.8392,9.4488,7,7.7,SA,CA,NA,Baja,Baja,0,0,0,25.755957,33.396681,0,0,0.104955,16.16976619
12,12,494.1932296,494.1932296,38.182629,56.906601,20.4344,23.90136,11.7096,15.1536,0.426966292,0.365994236,9.4488,10.9728,7.7,8.9,SA,CA,NA,Baja,Baja,0,0,0,33.396681,52.428521,0,0.104955,5.170783,17.36911512
12,12,494.1932296,247.0966148,56.906601,38.175632,23.90136,27.50608,15.1536,9.2988,0.365994236,0.661936561,10.9728,11.5824,8.9,10.3,A,CA,NA,Baja,Baja,0,0,0,52.428521,36.111517,0,5.170783,10.880335,19.75898235
12,12,247.0966148,247.0966148,38.175632,58.585881,27.50608,29.22808,9.2988,12.12288,0.661936561,0.585231736,11.5824,13.4112,10.3,12.1,SA,CA,ResAcl,Baja,Baja,247.0966148,35.159925,8.63296,36.111517,56.633718,32.976861,10.880335,31.542476,21.88946338
12,12,247.0966148,247.0966148,58.585881,77.820634,29.22808,31.89144,12.12288,14.53368,0.585231736,0.544276458,13.4112,14.6304,12.1,14.3,SA,CA,ResAcl,Baja,Baja,0,0,0,56.633718,75.959432,0,31.542476,51.98771,24.99335539
12,12,247.0966148,247.0966148,77.820634,93.661842,31.89144,34.46296,14.53368,16.78376,0.544276458,0.512991339,14.6304,14.9352,14.3,16.1,SA,CA,ResAcl,Baja,Baja,0,0,0,75.959432,91.933583,0,51.98771,69.662132,27.36588253
12,12,247.0966148,247.0966148,93.661842,122.041674,34.46296,37.70032,16.78376,19.79152,0.512991339,0.475030451,14.9352,16.764,16.1,18.1,SA,CA,ResAcl,Baja,Baja,0,0,0,91.933583,120.383385,0,69.662132,98.986559,29.40805432
12,12,247.0966148,247.0966148,122.041674,154.535742,37.70032,40.57032,19.79152,22.47784,0.475030451,0.445953594,16.764,18.5928,18.1,20.3,SA,CA,ResAcl,Baja,Baja,0,0,0,120.383385,152.877453,0,98.986559,131.47363,31.93458203
12,12,247.0966148,247.0966148,154.535742,171.160614,40.57032,42.3612,22.47784,24.03912,0.445953594,0.432520325,18.5928,19.2024,20.3,22.1,SA,CA,ResAcl,Baja,Baja,0,0,0,152.877453,169.523316,0,131.47363,148.427361,34.03289935
12,12,247.0966148,247.0966148,171.160614,187.484615,42.3612,43.8536,24.03912,25.76112,0.432520325,0.412565445,19.2024,19.812,22.1,24,SA,CA,ResAcl,Baja,Baja,0,0,0,169.523316,185.91029,0,148.427361,165.577008,35.19499795
12,12,247.0966148,247.0966148,187.484615,210.154895,43.8536,45.87408,25.76112,27.41424,0.412565445,0.402402402,19.812,21.336,24,26,SA,CA,ResAcl,Baja,Baja,0,0,0,185.91029,208.573573,0,165.577008,188.240291,36.43376324
12,12,247.0966148,247.0966148,210.154895,233.832743,45.87408,47.11392,27.41424,29.41176,0.402402402,0.375730994,21.336,21.9456,26,28.1,SA,CA,ResAcl,Baja,Baja,0,0,0,208.573573,232.286406,0,188.240291,212.400932,37.58458565
12,12,247.0966148,247.0966148,233.832743,250.618546,47.11392,47.43536,29.41176,30.55976,0.375730994,0.355759923,21.9456,22.86,28.1,30,SA,CA,ResAcl,Baja,Baja,0,0,0,232.286406,249.072209,0,212.400932,229.137756,38.92979961
12,12,247.0966148,247.0966148,250.618546,266.830595,47.43536,49.22624,30.55976,31.84552,0.355759923,0.353078358,22.86,23.4696,30,32.1,SA,CA,ResAcl,Baja,Baja,0,0,0,249.072209,265.305249,0,229.137756,245.671667,39.68228127
12,12,247.0966148,247.0966148,266.830595,281.937118,49.22624,49.57064,31.84552,33.08536,0.353078358,0.332561371,23.4696,23.7744,32.1,34.1,SA,CA,ResAcl,Baja,Baja,0,0,0,265.305249,280.432763,0,245.671667,261.030082,40.50846941
12,12,247.0966148,247.0966148,281.937118,297.30253,49.57064,50.32832,33.08536,34.23336,0.332561371,0.31979927,23.7744,24.0792,34.1,36.2,SA,CA,ResAcl,Baja,Baja,0,0,0,280.432763,295.805172,0,261.030082,276.500449,41.28949715
13,13,2891.030393,2891.030393,0,30.849773,16.46232,21.72016,12.67392,18.00064,0.230125523,0.171247357,0,5.7912,4.2,5.1,SA,CA,NA,Alta,Alta,0,0,0,0,1.595316,0,0,0,7.471094184
13,13,2891.030393,2891.030393,30.849773,53.639002,21.72016,26.67952,18.00064,24.77384,0.171247357,0.071428571,5.7912,7.0104,5.1,6.2,SA,CA,NA,Alta,Alta,0,0,0,1.595316,14.931598,0,0,0,8.903744803
13,13,2891.030393,2891.030393,53.639002,77.792646,26.67952,30.8812,24.77384,30.00872,0.071428571,0.028252788,7.0104,8.5344,6.2,7,SA,CA,NA,Alta,Alta,0,0,0,14.931598,35.950586,0,0,0,10.44540768
13,13,2891.030393,2891.030393,77.792646,92.248448,30.8812,33.9808,30.00872,32.718,0.028252788,0.037162162,8.5344,9.144,7,7.7,SA,CA,NA,Alta,Alta,0,0,0,35.950586,49.321853,0,0,0,11.49615118
13,13,2891.030393,2841.61107,92.248448,116.695966,33.9808,36.94264,32.718,36.41456,0.037162162,0.014294593,9.144,10.3632,7.7,8.9,SA,CA,NA,Alta,Alta,0,0,0,49.321853,72.293004,0,0,0,12.0038927
13,13,2841.61107,988.3864591,116.695966,63.308856,36.94264,38.18248,36.41456,17.72512,0.014294593,0.535778713,10.3632,11.2776,8.9,10.3,A,CA,NA,Alta,Alta,49.41932296,0.706697,0.27552,72.293004,50.112514,0.111952,0,0,12.77351066
13,13,988.3864591,988.3864591,63.308856,94.046677,38.18248,37.44776,17.72512,22.22528,0.535778713,0.40649908,11.2776,12.4968,10.3,12.1,SA,CA,ResAcl,Alta,Alta,1853.224611,7.451805,0.36736,50.112514,81.018263,47.110801,0,0.944595,15.11075826
13,13,988.3864591,988.3864591,94.046677,127.779214,37.44776,40.8688,22.22528,26.90912,0.40649908,0.341573034,12.4968,13.716,12.1,14.3,SA,CA,ResAcl,Alta,Alta,0,0,0,81.018263,115.261581,0,0.944595,7.710694,16.92058159
13,13,988.3864591,988.3864591,127.779214,160.056375,40.8688,43.30256,26.90912,31.24856,0.341573034,0.278366914,13.716,14.6304,14.3,16.1,SA,CA,ResAcl,Alta,Alta,0,0,0,115.261581,148.105499,0,7.710694,25.126227,18.61835958
13,13,988.3864591,988.3864591,160.056375,211.498319,43.30256,46.17256,31.24856,36.71304,0.278366914,0.204873197,14.6304,16.1544,16.1,18.1,SA,CA,ResAcl,Alta,Alta,0,0,0,148.105499,199.715371,0,25.126227,63.476784,20.0634988
13,13,988.3864591,988.3864591,211.498319,267.572277,46.17256,47.34352,36.71304,41.62648,0.204873197,0.120756547,16.1544,17.9832,18.1,20.3,SA,CA,ResAcl,Alta,Alta,0,0,0,199.715371,255.649389,0,63.476784,112.287856,21.74712444
13,13,988.3864591,976.0316284,267.572277,301.024934,47.34352,48.28488,41.62648,44.26688,0.120756547,0.083214456,17.9832,18.8976,20.3,22.1,SA,CA,ResAcl,Alta,Alta,0,0,0,255.649389,289.290965,0,112.287856,145.824477,23.15669149
13,13,976.0316284,976.0316284,301.024934,329.726628,48.28488,49.84616,44.26688,46.9532,0.083214456,0.058037771,18.8976,20.1168,22.1,24,SA,CA,ResAcl,Alta,Alta,12.35483074,2.441953,0.39032,289.290965,318.125602,2.267028,145.824477,176.226442,24.03048689
13,13,976.0316284,963.6767976,329.726628,359.981656,49.84616,51.40744,46.9532,48.72112,0.058037771,0.052255471,20.1168,21.0312,24,26,SA,CA,ResAcl,Alta,Alta,0,0,0,318.125602,348.366636,0,176.226442,206.523452,24.74888922
13,13,963.6767976,926.6123054,359.981656,393.259388,51.40744,53.22128,48.72112,51.01712,0.052255471,0.041415013,21.0312,21.6408,26,28.1,SA,CA,ResAcl,Alta,Alta,12.35483074,4.156218,0.574,348.366636,382.421035,4.009281,206.523452,246.490316,25.37160782
13,13,926.6123054,877.1929825,393.259388,408.813719,53.22128,52.64728,51.01712,51.45336,0.041415013,0.022677715,21.6408,22.2504,28.1,30,SA,CA,ResAcl,Alta,Alta,37.06449222,5.590603,0.89544,382.421035,398.766027,4.925888,246.490316,269.902278,26.47670867
13,13,877.1929825,877.1929825,408.813719,438.208116,52.64728,54.8744,51.45336,53.956,0.022677715,0.016736402,22.2504,22.5552,30,32.1,SA,CA,ResAcl,Alta,Alta,49.41932296,10.201626,1.46944,398.766027,428.272376,9.347992,269.902278,300.857006,27.3284094
13,13,877.1929825,790.7091673,438.208116,435.976073,54.8744,53.0376,53.956,52.37176,0.016736402,0.012554113,22.5552,22.86,32.1,34.1,SA,CA,ResAcl,Alta,Alta,0,0,0,428.272376,427.327781,0,300.857006,315.942538,27.98513189
13,13,790.7091673,691.8705214,435.976073,424.983786,53.0376,52.25696,52.37176,49.57064,0.012554113,0.051405975,22.86,23.7744,34.1,36.2,SA,CA,ResAcl,Alta,Alta,86.48381517,24.013704,3.16848,427.327781,417.049188,22.67028,315.942538,314.878994,29.03990938
14,14,2928.094885,2928.094885,0,32.368122,16.46232,21.72016,13.11016,18.55168,0.20362622,0.145877378,0,5.7912,4.2,5.1,SA,CA,NA,Alta,Alta,0,0,0,0,2.490932,0,0,0,7.550339539
14,14,2928.094885,2928.094885,32.368122,54.632576,21.72016,26.67952,18.55168,25.04936,0.145877378,0.061101549,5.7912,7.0104,5.1,6.2,SA,CA,NA,Alta,Alta,0,0,0,2.490932,15.792229,0,0,0,8.981608251
14,14,2928.094885,2928.094885,54.632576,79.394959,26.67952,30.8812,25.04936,30.60568,0.061101549,0.008921933,7.0104,8.2296,6.2,7,SA,CA,NA,Alta,Alta,0,0,0,15.792229,37.426953,0,0,0,10.43664241
14,14,2928.094885,2928.094885,79.394959,94.410521,30.8812,33.9808,30.60568,33.08536,0.008921933,0.026351351,8.2296,9.144,7,7.7,SA,CA,NA,Alta,Alta,0,0,0,37.426953,50.329421,0,0,0,11.53621929
14,14,2928.094885,2829.256239,94.410521,118.935006,33.9808,36.94264,33.08536,36.87376,0.026351351,0.001864512,9.144,10.3632,7.7,8.9,SA,CA,NA,Alta,Alta,0,0,0,50.329421,74.755948,0,0,0,11.99445222
14,14,2829.256239,494.1932296,118.935006,38.700407,36.94264,38.18248,36.87376,10.26312,0.001864512,0.731208659,10.3632,11.2776,8.9,10.3,A,CA,NA,Alta,Alta,98.83864591,1.182493,0.4592,74.755948,32.543047,0,0,0,12.88183199
14,14,494.1932296,494.1932296,38.700407,62.182339,38.18248,37.44776,10.26312,14.09744,0.731208659,0.623543838,11.2776,12.4968,10.3,12.1,SA,CA,ResAcl,Alta,Alta,2335.06301,36.111517,7.9212,32.543047,56.626721,68.01084,0,2.560902,16.26096695
14,14,494.1932296,494.1932296,62.182339,87.11265,37.44776,40.8688,14.09744,17.70216,0.623543838,0.566853933,12.4968,13.716,12.1,14.3,SA,CA,ResAcl,Alta,Alta,0,0,0,56.626721,81.962858,0,2.560902,20.963012,19.05797668
14,14,494.1932296,494.1932296,87.11265,113.260439,40.8688,43.30256,17.70216,21.30688,0.566853933,0.50795334,13.716,14.9352,14.3,16.1,SA,CA,ResAcl,Alta,Alta,0,0,0,81.962858,108.502479,0,20.963012,47.894465,21.35599422
14,14,494.1932296,494.1932296,113.260439,153.549165,43.30256,46.17256,21.30688,25.69224,0.50795334,0.443560418,14.9352,16.4592,16.1,18.1,SA,CA,ResAcl,Alta,Alta,0,0,0,108.502479,148.952136,0,47.894465,89.792501,23.42969276
14,14,494.1932296,494.1932296,153.549165,203.353811,46.17256,47.34352,25.69224,30.23832,0.443560418,0.361299709,16.4592,18.5928,18.1,20.3,SA,CA,ResAcl,Alta,Alta,0,0,0,148.952136,198.819755,0,89.792501,140.506757,25.72809607
14,14,494.1932296,494.1932296,203.353811,231.747637,47.34352,48.28488,30.23832,32.46544,0.361299709,0.327627199,18.5928,19.5072,20.3,22.1,SA,CA,ResAcl,Alta,Alta,0,0,0,198.819755,227.213581,0,140.506757,168.802625,27.91164887
14,14,494.1932296,494.1932296,231.747637,259.385787,48.28488,49.84616,32.46544,35.42728,0.327627199,0.289267619,19.5072,20.1168,22.1,24,SA,CA,ResAcl,Alta,Alta,0,0,0,227.213581,255.04065,0,168.802625,199.162608,28.92126669
14,14,494.1932296,494.1932296,259.385787,289.46589,49.84616,51.40744,35.42728,37.60848,0.289267619,0.268423403,20.1168,21.0312,24,26,SA,CA,ResAcl,Alta,Alta,0,0,0,255.04065,285.120753,0,199.162608,229.179738,30.21172818
14,14,494.1932296,494.1932296,289.46589,324.129028,51.40744,53.22128,37.60848,40.84584,0.268423403,0.232528041,21.0312,21.9456,26,28.1,SA,CA,ResAcl,Alta,Alta,0,0,0,285.120753,319.923831,0,229.179738,265.81603,31.12788077
14,14,494.1932296,494.1932296,324.129028,348.912402,53.22128,52.64728,40.84584,42.26936,0.232528041,0.197121675,21.9456,22.5552,28.1,30,SA,CA,ResAcl,Alta,Alta,0,0,0,319.923831,344.651229,0,265.81603,289.836731,32.43998013
14,14,494.1932296,494.1932296,348.912402,372.422322,52.64728,54.8744,42.26936,44.35872,0.197121675,0.191631799,22.5552,22.86,30,32.1,SA,CA,ResAcl,Alta,Alta,0,0,0,344.651229,368.245113,0,289.836731,314.452177,33.00042247
14,14,494.1932296,481.8383988,372.422322,388.634371,54.8744,53.0376,44.35872,45.4608,0.191631799,0.142857143,22.86,23.4696,32.1,34.1,SA,CA,ResAcl,Alta,Alta,0,0,0,368.245113,384.660075,0,314.452177,333.588972,33.80618522
14,14,481.8383988,481.8383988,388.634371,414.047475,53.0376,52.25696,45.4608,46.9532,0.142857143,0.101493849,23.4696,23.7744,34.1,36.2,SA,CA,ResAcl,Alta,Alta,12.35483074,3.841353,0.52808,384.660075,410.038194,3.680422,333.588972,358.428322,34.65954785
15,15,2829.256239,2829.256239,0,30.870764,16.46232,21.72016,12.21472,17.61032,0.258019526,0.189217759,0,6.096,4.2,5.1,SA,CA,NA,Alta,Alta,0,0,0,0,2.16907,0,0,0,7.414138185
15,15,2829.256239,2829.256239,30.870764,51.490923,21.72016,26.67952,17.61032,23.74064,0.189217759,0.110154905,6.096,7.3152,5.1,6.2,SA,CA,NA,Alta,Alta,0,0,0,2.16907,13.749105,0,0,0,8.902306487
15,15,2829.256239,2829.256239,51.490923,75.231744,26.67952,30.8812,23.74064,28.97552,0.110154905,0.061710037,7.3152,8.5344,6.2,7,SA,CA,NA,Alta,Alta,0,0,0,13.749105,33.718543,0,0,0,10.33630056
15,15,2829.256239,2804.546578,75.231744,89.680549,30.8812,33.9808,28.97552,31.50112,0.061710037,0.072972973,8.5344,9.4488,7,7.7,SA,CA,NA,Alta,Alta,0,0,0,33.718543,46.865906,0,0,0,11.41916997
15,15,2804.546578,2779.836916,89.680549,118.725096,33.9808,36.94264,31.50112,35.86352,0.072972973,0.02921069,9.4488,10.668,7.7,8.9,SA,CA,NA,Alta,Alta,24.70966148,0.083964,0.04592,46.865906,74.539041,0,0,0,11.95877592
15,15,2779.836916,494.1932296,118.725096,36.601307,36.94264,38.18248,35.86352,9.62024,0.02921069,0.748045701,10.668,11.5824,8.9,10.3,A,CA,NA,Alta,Alta,24.70966148,0.223904,0.09184,74.539041,30.003136,0,0,0,12.81657127
15,15,494.1932296,494.1932296,36.601307,58.103088,38.18248,37.44776,9.62024,12.90352,0.748045701,0.655426119,11.5824,13.716,10.3,12.1,SA,CA,ResAcl,Alta,Alta,2285.643687,31.801365,6.29104,30.003136,52.008701,63.315853,0,3.00871,15.74343941
15,15,494.1932296,494.1932296,58.103088,81.829915,37.44776,40.8688,12.90352,16.25568,0.655426119,0.602247191,13.716,14.9352,12.1,14.3,SA,CA,ResAcl,Alta,Alta,0,0,0,52.008701,76.204327,0,3.00871,15.666283,18.23311047
15,15,494.1932296,494.1932296,81.829915,106.879175,40.8688,43.30256,16.25568,19.56192,0.602247191,0.548250265,14.9352,16.1544,14.3,16.1,SA,CA,ResAcl,Alta,Alta,0,0,0,76.204327,101.603437,0,15.666283,37.231037,20.46488151
15,15,494.1932296,494.1932296,106.879175,146.370243,43.30256,46.17256,19.56192,23.48808,0.548250265,0.491297862,16.1544,18.288,16.1,18.1,SA,CA,ResAcl,Alta,Alta,0,0,0,101.603437,141.192463,0,37.231037,75.231744,22.44979621
15,15,494.1932296,494.1932296,146.370243,189.842604,46.17256,47.34352,23.48808,27.75864,0.491297862,0.413676043,18.288,19.5072,18.1,20.3,SA,CA,ResAcl,Alta,Alta,0,0,0,141.192463,184.846746,0,75.231744,120.796208,24.59973464
15,15,494.1932296,494.1932296,189.842604,208.972402,47.34352,48.28488,27.75864,28.99848,0.413676043,0.399429387,19.5072,20.4216,20.3,22.1,SA,CA,ResAcl,Alta,Alta,0,0,0,184.846746,203.89258,0,120.796208,138.722522,26.74273101
15,15,494.1932296,494.1932296,208.972402,243.054789,48.28488,49.84616,28.99848,32.30472,0.399429387,0.351911561,20.4216,21.6408,22.1,24,SA,CA,ResAcl,Alta,Alta,0,0,0,203.89258,238.156889,0,138.722522,175.155901,27.33343927
15,15,494.1932296,494.1932296,243.054789,271.826453,49.84616,51.40744,32.30472,34.34816,0.351911561,0.331844573,21.6408,22.86,24,26,SA,CA,ResAcl,Alta,Alta,0,0,0,238.156889,266.921556,0,175.155901,203.836604,28.84959058
15,15,494.1932296,494.1932296,271.826453,301.101901,51.40744,53.22128,34.34816,36.8508,0.331844573,0.307592752,22.86,23.4696,26,28.1,SA,CA,ResAcl,Alta,Alta,0,0,0,266.921556,296.301959,0,203.836604,234.567428,29.74804312
15,15,494.1932296,494.1932296,301.101901,321.834012,53.22128,52.64728,36.8508,38.3432,0.307592752,0.271696468,23.4696,23.4696,28.1,30,SA,CA,ResAcl,Alta,Alta,0,0,0,296.301959,317.020076,0,234.567428,255.11062,30.81272613
15,15,494.1932296,494.1932296,321.834012,344.560268,52.64728,54.8744,38.3432,40.0652,0.271696468,0.269874477,23.4696,23.7744,30,32.1,SA,CA,ResAcl,Alta,Alta,0,0,0,317.020076,339.788314,0,255.11062,278.382642,31.43046752
15,15,494.1932296,494.1932296,344.560268,368.028206,54.8744,53.0376,40.0652,41.92496,0.269874477,0.20952381,23.7744,24.0792,32.1,34.1,SA,CA,ResAcl,Alta,Alta,0,0,0,339.788314,363.291237,0,278.382642,302.34037,32.12849048
15,15,494.1932296,469.4835681,368.028206,381.329503,53.0376,52.25696,41.92496,41.99384,0.20952381,0.196397188,24.0792,24.9936,34.1,36.2,SA,CA,ResAcl,Alta,Alta,0,0,0,363.291237,376.683495,0,302.34037,316.859145,32.86570798
16,16,1000.74129,1000.74129,0,17.499497,9.66616,14.35,5.90072,9.20696,0.389548694,0.3584,0,5.7912,4.2,5.1,SA,CA,NA,Media,Baja,148.2579689,0,0.16072,0,5.702555,0,0,0,8.664562793
16,16,1000.74129,988.3864591,17.499497,32.787942,14.35,19.0568,9.20696,13.50048,0.3584,0.291566265,5.7912,7.3152,5.1,6.2,SA,CA,NA,Media,Baja,0,0,0,5.702555,21.396826,0,0,0,10.82311513
16,16,988.3864591,988.3864591,32.787942,51.302004,19.0568,23.51104,13.50048,17.49552,0.291566265,0.255859375,7.3152,8.5344,6.2,7,SA,CA,NA,Media,Baja,12.35483074,0.412823,0.16072,21.396826,40.211759,0.272883,0,0,13.18761533
16,16,988.3864591,988.3864591,51.302004,61.636573,23.51104,25.73816,17.49552,19.47008,0.255859375,0.24353256,8.5344,9.4488,7,7.7,SA,CA,NA,Media,Baja,0,0,0,40.211759,50.644286,0,0,0.167928,15.01257166
16,16,988.3864591,988.3864591,61.636573,86.594872,25.73816,29.34288,19.47008,23.74064,0.24353256,0.190923318,9.4488,10.668,7.7,8.9,SA,CA,NA,Media,Baja,0,0,0,50.644286,75.819492,0,0.167928,2.93874,15.83709544
16,16,988.3864591,494.1932296,86.594872,58.487923,29.34288,32.8328,23.74064,14.64848,0.190923318,0.553846154,10.668,11.2776,8.9,10.3,A,CA,NA,Media,Baja,0,0,0,75.819492,53.576029,0,2.93874,6.738111,17.48790869
16,16,494.1932296,494.1932296,58.487923,81.969855,32.8328,35.4732,14.64848,17.794,0.553846154,0.498381877,11.2776,13.1064,10.3,12.1,SA,CA,ResAcl,Media,Baja,494.1932296,47.985426,12.32952,53.576029,77.099943,42.387826,6.738111,20.669138,19.42687496
16,16,494.1932296,494.1932296,81.969855,107.872749,35.4732,37.90696,17.794,21.21504,0.498381877,0.440339188,13.1064,14.3256,12.1,14.3,SA,CA,ResAcl,Media,Baja,0,0,0,77.099943,103.212747,0,20.669138,44.018127,21.41132072
16,16,494.1932296,494.1932296,107.872749,132.649126,37.90696,40.43256,21.21504,24.36056,0.440339188,0.39750142,14.3256,14.9352,14.3,16.1,SA,CA,ResAcl,Media,Baja,0,0,0,103.212747,128.199034,0,44.018127,70.907598,23.3791432
16,16,494.1932296,494.1932296,132.649126,169.474337,40.43256,42.61376,24.36056,28.0112,0.39750142,0.342672414,14.9352,16.764,16.1,18.1,SA,CA,ResAcl,Media,Baja,0,0,0,128.199034,165.073224,0,70.907598,108.467494,25.05245539
16,16,494.1932296,494.1932296,169.474337,216.613126,42.61376,46.65472,28.0112,32.09808,0.342672414,0.312007874,16.764,18.5928,18.1,20.3,SA,CA,ResAcl,Media,Baja,0,0,0,165.073224,212.233004,0,108.467494,155.844181,26.86411395
16,16,494.1932296,494.1932296,216.613126,242.669954,46.65472,48.3308,32.09808,33.88896,0.312007874,0.298812352,18.5928,20.1168,20.3,22.1,SA,CA,ResAcl,Media,Baja,0,0,0,212.233004,238.212865,0,155.844181,180.87245,28.75717308
16,16,494.1932296,494.1932296,242.669954,267.852157,48.3308,48.03232,33.88896,36.52936,0.298812352,0.239483748,20.1168,20.1168,22.1,24,SA,CA,ResAcl,Media,Baja,0,0,0,238.212865,263.555999,0,180.87245,208.272702,29.54852348
16,16,494.1932296,494.1932296,267.852157,297.414482,48.03232,49.96096,36.52936,38.61872,0.239483748,0.227022059,20.1168,20.7264,24,26,SA,CA,ResAcl,Media,Baja,0,0,0,263.555999,293.090336,0,208.272702,237.40821,30.67804607
16,16,494.1932296,494.1932296,297.414482,329.201853,49.96096,52.18808,38.61872,41.2132,0.227022059,0.210294765,20.7264,21.9456,26,28.1,SA,CA,ResAcl,Media,Baja,0,0,0,293.090336,324.933683,0,237.40821,270.056212,31.54318923
16,16,494.1932296,494.1932296,329.201853,351.52928,52.18808,50.46608,41.2132,43.00408,0.210294765,0.147861692,21.9456,22.5552,28.1,30,SA,CA,ResAcl,Media,Baja,0,0,0,324.933683,347.310089,0,270.056212,293.006372,32.58553322
16,16,494.1932296,494.1932296,351.52928,374.82929,50.46608,51.66,43.00408,44.74904,0.147861692,0.133777778,22.5552,23.4696,30,32.1,SA,CA,ResAcl,Media,Baja,0,0,0,347.310089,370.645084,0,293.006372,316.796172,33.28599122
16,16,494.1932296,494.1932296,374.82929,401.172995,51.66,50.71864,44.74904,46.494,0.133777778,0.083295609,23.4696,24.0792,32.1,34.1,SA,CA,ResAcl,Media,Baja,0,0,0,370.645084,396.981792,0,316.796172,343.118886,33.95459269
16,16,494.1932296,481.8383988,401.172995,415.41189,50.71864,49.86912,46.494,47.32056,0.083295609,0.051104972,24.0792,24.384,34.1,36.2,SA,CA,ResAcl,Media,Baja,0,0,0,396.981792,411.332639,0,343.118886,358.764178,34.61028052
17,17,988.3864591,741.2898443,0,20.382261,7.04872,10.58456,7.64568,8.9544,-0.084690554,0.154013015,0,7.0104,4.2,5.1,SA,CA,NA,Baja,Baja,0,0,0,0,11.68499,0,0,0,9.924296354
17,17,741.2898443,494.1932296,20.382261,25.839921,10.58456,14.53368,8.9544,9.11512,0.154013015,0.372827804,7.0104,8.2296,5.1,6.2,SA,CA,NA,Baja,Baja,247.0966148,5.023846,2.34192,11.68499,20.746105,1.686277,0,0,12.40164455
17,17,494.1932296,494.1932296,25.839921,41.289297,14.53368,18.368,9.11512,12.07696,0.372827804,0.3425,8.2296,10.0584,6.2,7,SA,CA,NA,Baja,Baja,247.0966148,10.922317,3.92616,20.746105,36.412388,8.11652,0,0,15.32455453
17,17,494.1932296,494.1932296,41.289297,52.050683,18.368,20.4344,12.07696,14.02856,0.3425,0.313483146,10.0584,10.3632,7,7.7,SA,CA,NA,Baja,Baja,0,0,0,36.412388,47.376687,0,0,1.378409,17.63946779
17,17,494.1932296,494.1932296,52.050683,73.293575,20.4344,23.90136,14.02856,17.4496,0.313483146,0.269932757,10.3632,12.192,7.7,8.9,SA,CA,NA,Baja,Baja,0,0,0,47.376687,68.878468,0,1.378409,14.532769,19.01136109
17,17,494.1932296,494.1932296,73.293575,95.383104,23.90136,27.50608,17.4496,20.82472,0.269932757,0.242904841,12.192,13.1064,8.9,10.3,A,CA,NA,Baja,Baja,0,0,0,68.878468,91.226886,0,14.532769,37.706833,21.20310196
17,17,494.1932296,494.1932296,95.383104,124.952426,27.50608,29.22808,20.82472,23.85544,0.242904841,0.183817753,13.1064,14.6304,10.3,12.1,SA,CA,ResAcl,Baja,Baja,0,0,0,91.226886,120.691253,0,37.706833,65.813782,23.1630769
17,17,494.1932296,494.1932296,124.952426,158.936855,29.22808,31.89144,23.85544,27.27648,0.183817753,0.144708423,14.6304,17.0688,12.1,14.3,SA,CA,ResAcl,Baja,Baja,0,0,0,120.691253,154.682679,0,65.813782,99.924157,24.79136157
17,17,494.1932296,494.1932296,158.936855,187.953414,31.89144,34.46296,27.27648,30.37608,0.144708423,0.118587608,17.0688,17.3736,14.3,16.1,SA,CA,ResAcl,Baja,Baja,0,0,0,154.682679,183.81119,0,99.924157,130.487053,26.50945662
17,17,494.1932296,494.1932296,187.953414,233.035085,34.46296,37.70032,30.37608,34.11856,0.118587608,0.09500609,17.3736,19.2024,16.1,18.1,SA,CA,ResAcl,Baja,Baja,0,0,0,183.81119,228.864873,0,130.487053,175.197883,27.97515669
17,17,494.1932296,494.1932296,233.035085,288.423337,37.70032,40.57032,34.11856,38.27432,0.09500609,0.056593096,19.2024,21.336,18.1,20.3,SA,CA,ResAcl,Baja,Baja,0,0,0,228.864873,284.232134,0,175.197883,230.257276,29.64845113
17,17,494.1932296,494.1932296,288.423337,321.295243,40.57032,42.3612,38.27432,40.20296,0.056593096,0.050948509,21.336,22.5552,20.3,22.1,SA,CA,ResAcl,Baja,Baja,0,0,0,284.232134,317.03407,0,230.257276,262.121614,31.40222387
17,17,494.1932296,494.1932296,321.295243,356.1473,42.3612,43.8536,40.20296,43.23368,0.050948509,0.014136126,22.5552,23.1648,22.1,24,SA,CA,ResAcl,Baja,Baja,0,0,0,317.03407,352.005076,0,262.121614,298.652951,32.18367831
17,17,494.1932296,494.1932296,356.1473,395.057617,43.8536,45.87408,43.23368,45.64448,0.014136126,0.005005005,23.1648,24.0792,24,26,SA,CA,ResAcl,Baja,Baja,0,0,0,352.005076,390.887405,0,298.652951,337.18543,33.37473035
17,17,494.1932296,494.1932296,395.057617,432.281657,45.87408,47.11392,45.64448,48.4456,0.005005005,-0.028265107,24.0792,24.9936,26,28.1,SA,CA,ResAcl,Baja,Baja,0,0,0,390.887405,428.160424,0,337.18543,375.088179,34.29263015
17,17,494.1932296,494.1932296,432.281657,459.919807,47.11392,47.43536,48.4456,50.32832,-0.028265107,-0.060987415,24.9936,25.6032,28.1,30,SA,CA,ResAcl,Baja,Baja,0,0,0,428.160424,455.826562,0,375.088179,403.209122,35.32920243
17,17,494.1932296,494.1932296,459.919807,488.544534,47.43536,49.22624,50.32832,52.53248,-0.060987415,-0.067164179,25.6032,26.2128,30,32.1,SA,CA,ResAcl,Baja,Baja,0,0,0,455.826562,484.521259,0,403.209122,432.701477,36.00915087
17,17,494.1932296,481.8383988,488.544534,520.548812,49.22624,49.57064,52.53248,53.956,-0.067164179,-0.088466883,26.2128,26.8224,32.1,34.1,SA,CA,ResAcl,Baja,Baja,0,0,0,484.521259,516.651483,0,432.701477,466.545966,36.78922301
17,17,481.8383988,481.8383988,520.548812,555.834683,49.57064,50.32832,53.956,56.22904,-0.088466883,-0.117244526,26.8224,27.1272,34.1,36.2,SA,CA,ResAcl,Baja,Baja,12.35483074,4.611023,0.574,516.651483,551.965342,4.443095,466.545966,502.17469,37.75932559
18,18,988.3864591,976.0316284,0,17.387545,7.04872,10.58456,5.94664,9.09216,0.156351792,0.140997831,0,5.7912,4.2,5.1,SA,CA,NA,Baja,Baja,0,0,0,0,5.513636,0,0,0,8.752406697
18,18,976.0316284,494.1932296,17.387545,18.500068,10.58456,14.53368,9.09216,7.462,0.140997831,0.48657188,5.7912,7.3152,5.1,6.2,SA,CA,NA,Baja,Baja,12.35483074,0.314865,0.16072,5.513636,13.22433,0.195916,0,0,10.89072141
18,18,494.1932296,494.1932296,18.500068,30.590884,14.53368,18.368,7.462,10.03352,0.48657188,0.45375,7.3152,8.5344,6.2,7,SA,CA,NA,Baja,Baja,481.8383988,14.588745,6.0844,13.22433,25.497068,8.802226,0,0.097958,13.86546012
18,18,494.1932296,494.1932296,30.590884,38.280587,18.368,20.4344,10.03352,11.73256,0.45375,0.425842697,8.5344,9.144,7,7.7,SA,CA,NA,Baja,Baja,0,0,0,25.497068,33.494639,0,0.097958,0.468799,16.07804812
18,18,494.1932296,494.1932296,38.280587,54.499633,20.4344,23.90136,11.73256,14.37296,0.425842697,0.398655139,9.144,10.668,7.7,8.9,SA,CA,NA,Baja,Baja,0,0,0,33.494639,49.790652,0,0.468799,3.351563,17.38613532
18,18,494.1932296,247.0966148,54.499633,38.497494,23.90136,27.50608,14.37296,9.27584,0.398655139,0.662771285,10.668,11.5824,8.9,10.3,A,CA,NA,Baja,Baja,0,0,0,49.790652,36.412388,0,3.351563,10.579464,19.24330982
18,18,247.0966148,247.0966148,38.497494,57.970145,27.50608,29.22808,9.27584,11.77848,0.662771285,0.597014925,11.5824,14.0208,10.3,12.1,SA,CA,ResAcl,Baja,Baja,247.0966148,32.438092,7.99008,36.412388,55.948012,30.143076,10.579464,29.926169,21.86242265
18,18,247.0966148,247.0966148,57.970145,73.300572,29.22808,31.89144,11.77848,13.5464,0.597014925,0.575233981,14.0208,15.24,12.1,14.3,SA,CA,ResAcl,Baja,Baja,0,0,0,55.948012,71.320421,0,29.926169,45.809359,24.63577823
18,18,247.0966148,247.0966148,73.300572,91.051961,31.89144,34.46296,13.5464,15.75056,0.575233981,0.542971352,15.24,16.4592,14.3,16.1,SA,CA,ResAcl,Baja,Baja,0,0,0,71.320421,89.183762,0,45.809359,65.128076,26.42004842
18,18,247.0966148,247.0966148,91.051961,119.326838,34.46296,37.70032,15.75056,18.68944,0.542971352,0.504263094,16.4592,18.288,16.1,18.1,SA,CA,ResAcl,Baja,Baja,0,0,0,89.183762,117.535606,0,65.128076,94.494485,28.48850513
18,18,247.0966148,247.0966148,119.326838,157.075653,37.70032,40.57032,18.68944,21.94976,0.504263094,0.458970006,18.288,19.812,18.1,20.3,SA,CA,ResAcl,Baja,Baja,0,0,0,117.535606,155.312409,0,94.494485,132.66312,31.03271735
18,18,247.0966148,247.0966148,157.075653,177.611848,40.57032,42.3612,21.94976,23.90136,0.458970006,0.435772358,19.812,20.7264,20.3,22.1,SA,CA,ResAcl,Baja,Baja,0,0,0,155.312409,175.90458,0,132.66312,153.996973,33.63074976
18,18,247.0966148,247.0966148,177.611848,198.588854,42.3612,43.8536,23.90136,26.22032,0.435772358,0.402094241,20.7264,21.0312,22.1,24,SA,CA,ResAcl,Baja,Baja,0,0,0,175.90458,196.979544,0,153.996973,176.268424,35.09400779
18,18,247.0966148,247.0966148,198.588854,224.554721,43.8536,45.87408,26.22032,28.30968,0.402094241,0.382882883,21.0312,21.9456,24,26,SA,CA,ResAcl,Baja,Baja,0,0,0,196.979544,222.973399,0,176.268424,202.56315,36.75705053
18,18,247.0966148,247.0966148,224.554721,251.570138,45.87408,47.11392,28.30968,30.55976,0.382882883,0.351364522,21.9456,22.5552,26,28.1,SA,CA,ResAcl,Baja,Baja,0,0,0,222.973399,250.023801,0,202.56315,230.13133,38.19347215
18,18,247.0966148,247.0966148,251.570138,268.712788,47.11392,47.43536,30.55976,32.09808,0.351364522,0.323330106,22.5552,22.86,28.1,30,SA,CA,ResAcl,Baja,Baja,0,0,0,250.023801,267.201436,0,230.13133,247.770767,39.68228127
18,18,247.0966148,247.0966148,268.712788,289.528863,47.43536,49.22624,32.09808,33.7512,0.323330106,0.314365672,22.86,23.4696,30,32.1,SA,CA,ResAcl,Baja,Baja,0,0,0,267.201436,288.045499,0,247.770767,268.978674,40.66878418
18,18,247.0966148,247.0966148,289.528863,310.100043,49.22624,49.57064,33.7512,35.42728,0.314365672,0.285317277,23.4696,23.7744,32.1,34.1,SA,CA,ResAcl,Baja,Baja,0,0,0,288.045499,308.651664,0,268.978674,289.95568,41.70290135
18,18,247.0966148,247.0966148,310.100043,329.432754,49.57064,50.32832,35.42728,36.9656,0.285317277,0.265510949,23.7744,24.384,34.1,36.2,SA,CA,ResAcl,Baja,Baja,0,0,0,308.651664,328.005366,0,289.95568,309.61725,42.72583573
